<?xml version = '1.0' encoding = 'UTF-8'?>
<Entity class="oracle.dbtools.crest.model.design.logical.Entity" directorySegmentName="seg_0" id="4AB3EDC6-4021-D265-F2E0-6098CE5110D5" name="VUELO">
<createdBy>arekk</createdBy>
<createdTime>2025-08-23 03:58:04 UTC</createdTime>
<ownerDesignName>exp1_s2</ownerDesignName>
<engineerTo>
<item key="52979F14-0282-5691-B0E1-BC6B927E0BBE" value="true"/>
</engineerTo>
<adequatelyNormalized>NO</adequatelyNormalized>
<expectedVolumes>0</expectedVolumes>
<fwdEngineeringStrategyName>Single Table</fwdEngineeringStrategyName>
<growthPercent>0</growthPercent>
<growthType>Year</growthType>
<maxVolumes>9999999</maxVolumes>
<minVolumes>0</minVolumes>
<normalForm>Third</normalForm>
<attributes itemClass="oracle.dbtools.crest.model.design.logical.Attribute">
<Attribute name="numero_vuelo" id="68A12745-B21F-9180-CD01-CB49F6B8A847">
<createdBy>arekk</createdBy>
<createdTime>2025-08-23 03:58:15 UTC</createdTime>
<ownerDesignName>exp1_s2</ownerDesignName>
<engineerTo>
<item key="52979F14-0282-5691-B0E1-BC6B927E0BBE" value="true"/>
</engineerTo>
<useDomainConstraints>false</useDomainConstraints>
<use>1</use>
<logicalDatatype>LOGDT019</logicalDatatype>
<ownDataTypeParameters>,,</ownDataTypeParameters>
</Attribute>
<Attribute name="fecha_despegue" id="8E18D6E9-CBB6-2B94-2548-63AE7DEDE948">
<createdBy>arekk</createdBy>
<createdTime>2025-08-23 03:58:16 UTC</createdTime>
<ownerDesignName>exp1_s2</ownerDesignName>
<engineerTo>
<item key="52979F14-0282-5691-B0E1-BC6B927E0BBE" value="true"/>
</engineerTo>
<useDomainConstraints>false</useDomainConstraints>
<use>1</use>
<logicalDatatype>LOGDT007</logicalDatatype>
<ownDataTypeParameters>,,</ownDataTypeParameters>
</Attribute>
<Attribute name="fecha_llegada" id="AAA746EE-9002-33EB-D67C-20E335B30078">
<createdBy>arekk</createdBy>
<createdTime>2025-08-23 03:58:16 UTC</createdTime>
<ownerDesignName>exp1_s2</ownerDesignName>
<engineerTo>
<item key="52979F14-0282-5691-B0E1-BC6B927E0BBE" value="true"/>
</engineerTo>
<useDomainConstraints>false</useDomainConstraints>
<use>1</use>
<logicalDatatype>LOGDT007</logicalDatatype>
<ownDataTypeParameters>,,</ownDataTypeParameters>
</Attribute>
<Attribute name="hora_salida" id="4A542E77-EF8B-9B40-E3B1-971549A69DF5">
<createdBy>arekk</createdBy>
<createdTime>2025-08-23 03:58:16 UTC</createdTime>
<ownerDesignName>exp1_s2</ownerDesignName>
<engineerTo>
<item key="52979F14-0282-5691-B0E1-BC6B927E0BBE" value="true"/>
</engineerTo>
<useDomainConstraints>false</useDomainConstraints>
<use>1</use>
<logicalDatatype>LOGDT014</logicalDatatype>
<ownDataTypeParameters>,,</ownDataTypeParameters>
</Attribute>
<Attribute name="ciudad_origen" id="CF7DB2F3-ACB7-1A3E-A733-99757D7FBC03">
<createdBy>arekk</createdBy>
<createdTime>2025-08-23 03:58:16 UTC</createdTime>
<ownerDesignName>exp1_s2</ownerDesignName>
<engineerTo>
<item key="52979F14-0282-5691-B0E1-BC6B927E0BBE" value="true"/>
</engineerTo>
<useDomainConstraints>false</useDomainConstraints>
<use>1</use>
<logicalDatatype>LOGDT024</logicalDatatype>
<dataTypeSize>50</dataTypeSize>
<ownDataTypeParameters>50,,</ownDataTypeParameters>
</Attribute>
<Attribute name="ciudad_destino" id="952A2D17-4A1E-92C9-2709-D2AAB949D934">
<createdBy>arekk</createdBy>
<createdTime>2025-08-23 04:00:23 UTC</createdTime>
<ownerDesignName>exp1_s2</ownerDesignName>
<engineerTo>
<item key="52979F14-0282-5691-B0E1-BC6B927E0BBE" value="true"/>
</engineerTo>
<useDomainConstraints>false</useDomainConstraints>
<use>1</use>
<logicalDatatype>LOGDT024</logicalDatatype>
<dataTypeSize>50</dataTypeSize>
<ownDataTypeParameters>50,,</ownDataTypeParameters>
</Attribute>
<Attribute name="matricula" id="1C540A51-0273-0C5A-060B-5E79CBFCAB28">
<createdBy>arekk</createdBy>
<createdTime>2025-08-26 02:27:19 UTC</createdTime>
<generatorID>960AD233-FA7B-B253-7F82-0396887CCB39</generatorID>
<ownerDesignName>exp1_s2</ownerDesignName>
<engineerTo>
<item key="52979F14-0282-5691-B0E1-BC6B927E0BBE" value="true"/>
</engineerTo>
<referedAttribute>E7EB7825-3352-1843-6647-D6789513B39D</referedAttribute>
<useDomainConstraints>false</useDomainConstraints>
<use>1</use>
<logicalDatatype>LOGDT019</logicalDatatype>
<ownDataTypeParameters>,,</ownDataTypeParameters>
</Attribute>
<Attribute name="rut" id="9F58B6D1-46DE-E5C8-801D-9B7445DF7AAC">
<createdBy>arekk</createdBy>
<createdTime>2025-08-26 02:51:41 UTC</createdTime>
<generatorID>29861AF5-2CF3-2D12-8248-051AE6040609</generatorID>
<ownerDesignName>exp1_s2</ownerDesignName>
<engineerTo>
<item key="52979F14-0282-5691-B0E1-BC6B927E0BBE" value="true"/>
</engineerTo>
<referedAttribute>4F396CED-A0B6-51C8-9430-1EC6218A1673</referedAttribute>
<useDomainConstraints>false</useDomainConstraints>
<use>1</use>
<logicalDatatype>LOGDT024</logicalDatatype>
<dataTypeSize>20</dataTypeSize>
<ownDataTypeParameters>,,</ownDataTypeParameters>
</Attribute>
</attributes>
<identifiers itemClass="oracle.dbtools.crest.model.design.logical.CandidateKey">
<identifier id="5EFD1956-68E3-0B2A-68E0-22599108924E" name="VUELO PK">
<createdBy>arekk</createdBy>
<createdTime>2025-08-23 03:59:58 UTC</createdTime>
<ownerDesignName>exp1_s2</ownerDesignName>
<shouldEngineer>false</shouldEngineer>
<engineerTo>
<item key="52979F14-0282-5691-B0E1-BC6B927E0BBE" value="false"/>
</engineerTo>
<pk>true</pk>
<usedAttributes>
<attributeRef>68A12745-B21F-9180-CD01-CB49F6B8A847</attributeRef>
<attributeRef>1C540A51-0273-0C5A-060B-5E79CBFCAB28</attributeRef>
<attributeRef>9F58B6D1-46DE-E5C8-801D-9B7445DF7AAC</attributeRef>
</usedAttributes>
</identifier>
</identifiers>
</Entity>