<?xml version = '1.0' encoding = 'UTF-8'?>
<Entity class="oracle.dbtools.crest.model.design.logical.Entity" directorySegmentName="seg_0" id="774A01B0-661F-286D-BD0A-1FC27FDA4FE0" name="PILOTO">
<createdBy>arekk</createdBy>
<createdTime>2025-08-26 02:50:42 UTC</createdTime>
<ownerDesignName>exp1_s2</ownerDesignName>
<engineerTo>
<item key="52979F14-0282-5691-B0E1-BC6B927E0BBE" value="true"/>
</engineerTo>
<adequatelyNormalized>NO</adequatelyNormalized>
<expectedVolumes>0</expectedVolumes>
<fwdEngineeringStrategyName>Single Table</fwdEngineeringStrategyName>
<growthPercent>0</growthPercent>
<growthType>Year</growthType>
<hierarchicalParent>B0516345-32DF-5940-9028-344DEDADF12C</hierarchicalParent>
<maxVolumes>9999999</maxVolumes>
<minVolumes>0</minVolumes>
<normalForm>Third</normalForm>
<attributes itemClass="oracle.dbtools.crest.model.design.logical.Attribute">
<Attribute name="horas_vuelo" id="FD3E7DF5-EBFC-9941-0FB7-329C5CDB0BC9">
<createdBy>arekk</createdBy>
<createdTime>2025-08-26 02:50:47 UTC</createdTime>
<ownerDesignName>exp1_s2</ownerDesignName>
<engineerTo>
<item key="52979F14-0282-5691-B0E1-BC6B927E0BBE" value="true"/>
</engineerTo>
<nullsAllowed>true</nullsAllowed>
<useDomainConstraints>false</useDomainConstraints>
<use>1</use>
<logicalDatatype>LOGDT011</logicalDatatype>
<ownDataTypeParameters>,,</ownDataTypeParameters>
</Attribute>
</attributes>
</Entity>