<?xml version = '1.0' encoding = 'UTF-8'?>
<Entity class="oracle.dbtools.crest.model.design.logical.Entity" directorySegmentName="seg_0" id="79267FF1-2132-89E8-A51C-5C87B0448D3D" name="RESERVA">
<createdBy>arekk</createdBy>
<createdTime>2025-08-23 03:50:07 UTC</createdTime>
<ownerDesignName>exp1_s2</ownerDesignName>
<engineerTo>
<item key="52979F14-0282-5691-B0E1-BC6B927E0BBE" value="true"/>
</engineerTo>
<adequatelyNormalized>NO</adequatelyNormalized>
<expectedVolumes>0</expectedVolumes>
<fwdEngineeringStrategyName>Single Table</fwdEngineeringStrategyName>
<growthPercent>0</growthPercent>
<growthType>Year</growthType>
<maxVolumes>9999999</maxVolumes>
<minVolumes>0</minVolumes>
<normalForm>Third</normalForm>
<attributes itemClass="oracle.dbtools.crest.model.design.logical.Attribute">
<Attribute name="numero_reserva" id="B22D932D-86D6-70D2-F42E-CEE355AC7CEC">
<createdBy>arekk</createdBy>
<createdTime>2025-08-23 03:50:15 UTC</createdTime>
<ownerDesignName>exp1_s2</ownerDesignName>
<engineerTo>
<item key="52979F14-0282-5691-B0E1-BC6B927E0BBE" value="true"/>
</engineerTo>
<useDomainConstraints>false</useDomainConstraints>
<use>1</use>
<logicalDatatype>LOGDT019</logicalDatatype>
<ownDataTypeParameters>,,</ownDataTypeParameters>
</Attribute>
<Attribute name="fecha_reserva" id="B21DC45F-93FE-FF3D-3BD5-42F48BADB2BB">
<createdBy>arekk</createdBy>
<createdTime>2025-08-23 03:50:16 UTC</createdTime>
<ownerDesignName>exp1_s2</ownerDesignName>
<engineerTo>
<item key="52979F14-0282-5691-B0E1-BC6B927E0BBE" value="true"/>
</engineerTo>
<useDomainConstraints>false</useDomainConstraints>
<use>1</use>
<logicalDatatype>LOGDT007</logicalDatatype>
<ownDataTypeParameters>,,</ownDataTypeParameters>
</Attribute>
<Attribute name="fecha_viaje" id="F23EF201-48F3-0022-8920-318025FFBD52">
<createdBy>arekk</createdBy>
<createdTime>2025-08-23 03:50:16 UTC</createdTime>
<ownerDesignName>exp1_s2</ownerDesignName>
<engineerTo>
<item key="52979F14-0282-5691-B0E1-BC6B927E0BBE" value="true"/>
</engineerTo>
<useDomainConstraints>false</useDomainConstraints>
<use>1</use>
<logicalDatatype>LOGDT007</logicalDatatype>
<ownDataTypeParameters>,,</ownDataTypeParameters>
</Attribute>
<Attribute name="estado" id="7CADC570-8F62-6937-5AB9-46A2FB967163">
<createdBy>arekk</createdBy>
<createdTime>2025-08-23 03:50:16 UTC</createdTime>
<ownerDesignName>exp1_s2</ownerDesignName>
<engineerTo>
<item key="52979F14-0282-5691-B0E1-BC6B927E0BBE" value="true"/>
</engineerTo>
<nullsAllowed>true</nullsAllowed>
<useDomainConstraints>false</useDomainConstraints>
<use>1</use>
<logicalDatatype>LOGDT024</logicalDatatype>
<dataTypeSize>10</dataTypeSize>
<ownDataTypeParameters>10,,</ownDataTypeParameters>
</Attribute>
<Attribute name="pasaporte_cedula" id="C204D373-6D51-2928-77AA-40B4804C4C58">
<createdBy>arekk</createdBy>
<createdTime>2025-08-26 02:30:23 UTC</createdTime>
<generatorID>BB669E08-4515-DF26-0F15-8F1C91D1973A</generatorID>
<ownerDesignName>exp1_s2</ownerDesignName>
<engineerTo>
<item key="52979F14-0282-5691-B0E1-BC6B927E0BBE" value="true"/>
</engineerTo>
<referedAttribute>08237F19-850C-F650-B1FD-B2966E488884</referedAttribute>
<useDomainConstraints>false</useDomainConstraints>
<use>1</use>
<logicalDatatype>LOGDT024</logicalDatatype>
<dataTypeSize>25</dataTypeSize>
<ownDataTypeParameters>,,</ownDataTypeParameters>
</Attribute>
<Attribute name="numero_vuelo" id="3B9245CE-586D-E83C-5892-2ECDBCF01A5F">
<createdBy>arekk</createdBy>
<createdTime>2025-08-26 02:33:14 UTC</createdTime>
<generatorID>014ECF22-9251-6528-D43E-4B23A6A3209B</generatorID>
<ownerDesignName>exp1_s2</ownerDesignName>
<engineerTo>
<item key="52979F14-0282-5691-B0E1-BC6B927E0BBE" value="true"/>
</engineerTo>
<referedAttribute>68A12745-B21F-9180-CD01-CB49F6B8A847</referedAttribute>
<useDomainConstraints>false</useDomainConstraints>
<use>1</use>
<logicalDatatype>LOGDT019</logicalDatatype>
<ownDataTypeParameters>,,</ownDataTypeParameters>
</Attribute>
<Attribute name="matricula" id="F5A382FA-5812-730A-44A5-C0AD7A39CF7B">
<createdBy>arekk</createdBy>
<createdTime>2025-08-26 02:33:14 UTC</createdTime>
<generatorID>014ECF22-9251-6528-D43E-4B23A6A3209B</generatorID>
<ownerDesignName>exp1_s2</ownerDesignName>
<engineerTo>
<item key="52979F14-0282-5691-B0E1-BC6B927E0BBE" value="true"/>
</engineerTo>
<referedAttribute>1C540A51-0273-0C5A-060B-5E79CBFCAB28</referedAttribute>
<useDomainConstraints>false</useDomainConstraints>
<use>1</use>
<logicalDatatype>LOGDT019</logicalDatatype>
<ownDataTypeParameters>,,</ownDataTypeParameters>
</Attribute>
<Attribute name="rut" id="8F2D5F58-8DA2-FCBE-9F6A-40330386B30B">
<createdBy>arekk</createdBy>
<createdTime>2025-08-26 02:51:41 UTC</createdTime>
<generatorID>014ECF22-9251-6528-D43E-4B23A6A3209B</generatorID>
<ownerDesignName>exp1_s2</ownerDesignName>
<engineerTo>
<item key="52979F14-0282-5691-B0E1-BC6B927E0BBE" value="true"/>
</engineerTo>
<referedAttribute>9F58B6D1-46DE-E5C8-801D-9B7445DF7AAC</referedAttribute>
<useDomainConstraints>false</useDomainConstraints>
<use>1</use>
<logicalDatatype>LOGDT024</logicalDatatype>
<dataTypeSize>20</dataTypeSize>
<ownDataTypeParameters>,,</ownDataTypeParameters>
</Attribute>
<Attribute name="rut1" id="9093CD29-BB59-B3FE-BADC-7A079A27E2C2">
<createdBy>arekk</createdBy>
<createdTime>2025-08-26 02:51:48 UTC</createdTime>
<generatorID>86A77D45-CE3B-36F1-C7EB-49E7BEC32280</generatorID>
<ownerDesignName>exp1_s2</ownerDesignName>
<engineerTo>
<item key="52979F14-0282-5691-B0E1-BC6B927E0BBE" value="true"/>
</engineerTo>
<referedAttribute>4F396CED-A0B6-51C8-9430-1EC6218A1673</referedAttribute>
<useDomainConstraints>false</useDomainConstraints>
<use>1</use>
<logicalDatatype>LOGDT024</logicalDatatype>
<dataTypeSize>20</dataTypeSize>
<ownDataTypeParameters>,,</ownDataTypeParameters>
</Attribute>
</attributes>
<identifiers itemClass="oracle.dbtools.crest.model.design.logical.CandidateKey">
<identifier id="1E5D6CCA-F31F-68EF-977D-BB3C8E461ADA" name="RESERVA PK">
<createdBy>arekk</createdBy>
<createdTime>2025-08-23 03:50:33 UTC</createdTime>
<ownerDesignName>exp1_s2</ownerDesignName>
<shouldEngineer>false</shouldEngineer>
<engineerTo>
<item key="52979F14-0282-5691-B0E1-BC6B927E0BBE" value="false"/>
</engineerTo>
<pk>true</pk>
<usedAttributes>
<attributeRef>B22D932D-86D6-70D2-F42E-CEE355AC7CEC</attributeRef>
<attributeRef>C204D373-6D51-2928-77AA-40B4804C4C58</attributeRef>
<attributeRef>3B9245CE-586D-E83C-5892-2ECDBCF01A5F</attributeRef>
<attributeRef>F5A382FA-5812-730A-44A5-C0AD7A39CF7B</attributeRef>
<attributeRef>8F2D5F58-8DA2-FCBE-9F6A-40330386B30B</attributeRef>
<attributeRef>9093CD29-BB59-B3FE-BADC-7A079A27E2C2</attributeRef>
</usedAttributes>
</identifier>
</identifiers>
</Entity>