<?xml version = '1.0' encoding = 'UTF-8'?>
<Entity class="oracle.dbtools.crest.model.design.logical.Entity" directorySegmentName="seg_0" id="9E9AFB2B-8395-6D23-BA1B-65C55F132CE9" name="PASAJERO">
<createdBy>arekk</createdBy>
<createdTime>2025-08-23 04:00:53 UTC</createdTime>
<ownerDesignName>exp1_s2</ownerDesignName>
<engineerTo>
<item key="52979F14-0282-5691-B0E1-BC6B927E0BBE" value="true"/>
</engineerTo>
<adequatelyNormalized>NO</adequatelyNormalized>
<expectedVolumes>0</expectedVolumes>
<fwdEngineeringStrategyName>Single Table</fwdEngineeringStrategyName>
<growthPercent>0</growthPercent>
<growthType>Year</growthType>
<maxVolumes>9999999</maxVolumes>
<minVolumes>0</minVolumes>
<normalForm>Third</normalForm>
<attributes itemClass="oracle.dbtools.crest.model.design.logical.Attribute">
<Attribute name="pasaporte_cedula" id="08237F19-850C-F650-B1FD-B2966E488884">
<createdBy>arekk</createdBy>
<createdTime>2025-08-23 04:01:00 UTC</createdTime>
<ownerDesignName>exp1_s2</ownerDesignName>
<engineerTo>
<item key="52979F14-0282-5691-B0E1-BC6B927E0BBE" value="true"/>
</engineerTo>
<useDomainConstraints>false</useDomainConstraints>
<use>1</use>
<logicalDatatype>LOGDT024</logicalDatatype>
<dataTypeSize>25</dataTypeSize>
<ownDataTypeParameters>25,,</ownDataTypeParameters>
</Attribute>
<Attribute name="nombre" id="E73C631A-B0AE-7DC7-9CAB-A57D798C968A">
<createdBy>arekk</createdBy>
<createdTime>2025-08-23 04:01:00 UTC</createdTime>
<ownerDesignName>exp1_s2</ownerDesignName>
<engineerTo>
<item key="52979F14-0282-5691-B0E1-BC6B927E0BBE" value="true"/>
</engineerTo>
<useDomainConstraints>false</useDomainConstraints>
<use>1</use>
<logicalDatatype>LOGDT024</logicalDatatype>
<dataTypeSize>100</dataTypeSize>
<ownDataTypeParameters>100,,</ownDataTypeParameters>
</Attribute>
<Attribute name="fecha_nacimiento" id="78B11B97-7DA5-A143-8DC0-7EE3A890A9DA">
<createdBy>arekk</createdBy>
<createdTime>2025-08-23 04:01:00 UTC</createdTime>
<ownerDesignName>exp1_s2</ownerDesignName>
<engineerTo>
<item key="52979F14-0282-5691-B0E1-BC6B927E0BBE" value="true"/>
</engineerTo>
<useDomainConstraints>false</useDomainConstraints>
<use>1</use>
<logicalDatatype>LOGDT007</logicalDatatype>
<ownDataTypeParameters>,,</ownDataTypeParameters>
</Attribute>
<Attribute name="nacionalidad" id="84B4B2A2-50C2-A40A-EF88-2706276FF58F">
<createdBy>arekk</createdBy>
<createdTime>2025-08-23 04:01:01 UTC</createdTime>
<ownerDesignName>exp1_s2</ownerDesignName>
<engineerTo>
<item key="52979F14-0282-5691-B0E1-BC6B927E0BBE" value="true"/>
</engineerTo>
<useDomainConstraints>false</useDomainConstraints>
<use>1</use>
<logicalDatatype>LOGDT024</logicalDatatype>
<dataTypeSize>25</dataTypeSize>
<ownDataTypeParameters>25,,</ownDataTypeParameters>
</Attribute>
<Attribute name="telefono_correo" id="633433F5-2B7B-7F9D-C3B6-40059B563EC5">
<createdBy>arekk</createdBy>
<createdTime>2025-08-23 04:01:01 UTC</createdTime>
<ownerDesignName>exp1_s2</ownerDesignName>
<engineerTo>
<item key="52979F14-0282-5691-B0E1-BC6B927E0BBE" value="true"/>
</engineerTo>
<nullsAllowed>true</nullsAllowed>
<useDomainConstraints>false</useDomainConstraints>
<use>1</use>
<logicalDatatype>LOGDT024</logicalDatatype>
<dataTypeSize>50</dataTypeSize>
<ownDataTypeParameters>50,,</ownDataTypeParameters>
</Attribute>
<Attribute name="equipaje_asociado" id="4DA9A97E-41E3-488E-3EE4-ADD161BB90E7">
<createdBy>arekk</createdBy>
<createdTime>2025-08-23 04:01:01 UTC</createdTime>
<ownerDesignName>exp1_s2</ownerDesignName>
<engineerTo>
<item key="52979F14-0282-5691-B0E1-BC6B927E0BBE" value="true"/>
</engineerTo>
<nullsAllowed>true</nullsAllowed>
<useDomainConstraints>false</useDomainConstraints>
<use>1</use>
<logicalDatatype>LOGDT011</logicalDatatype>
<ownDataTypeParameters>,,</ownDataTypeParameters>
</Attribute>
</attributes>
<identifiers itemClass="oracle.dbtools.crest.model.design.logical.CandidateKey">
<identifier id="CC78D58A-210C-F323-2B68-6B1420F1C73E" name="PASAJERO PK">
<createdBy>arekk</createdBy>
<createdTime>2025-08-23 04:01:19 UTC</createdTime>
<ownerDesignName>exp1_s2</ownerDesignName>
<shouldEngineer>false</shouldEngineer>
<engineerTo>
<item key="52979F14-0282-5691-B0E1-BC6B927E0BBE" value="false"/>
</engineerTo>
<pk>true</pk>
<usedAttributes>
<attributeRef>08237F19-850C-F650-B1FD-B2966E488884</attributeRef>
</usedAttributes>
</identifier>
</identifiers>
</Entity>