<?xml version = '1.0' encoding = 'UTF-8'?>
<Entity class="oracle.dbtools.crest.model.design.logical.Entity" directorySegmentName="seg_0" id="A6D7D4C7-5396-AA95-D734-B841B93AA101" name="EQUIPAJE">
<createdBy>arekk</createdBy>
<createdTime>2025-08-23 04:03:44 UTC</createdTime>
<ownerDesignName>exp1_s2</ownerDesignName>
<engineerTo>
<item key="52979F14-0282-5691-B0E1-BC6B927E0BBE" value="true"/>
</engineerTo>
<adequatelyNormalized>NO</adequatelyNormalized>
<expectedVolumes>0</expectedVolumes>
<fwdEngineeringStrategyName>Single Table</fwdEngineeringStrategyName>
<growthPercent>0</growthPercent>
<growthType>Year</growthType>
<maxVolumes>9999999</maxVolumes>
<minVolumes>0</minVolumes>
<normalForm>Third</normalForm>
<attributes itemClass="oracle.dbtools.crest.model.design.logical.Attribute">
<Attribute name="codigo_equipaje" id="AB76554A-2503-305D-6A5F-5657E96033EB">
<createdBy>arekk</createdBy>
<createdTime>2025-08-23 04:03:49 UTC</createdTime>
<ownerDesignName>exp1_s2</ownerDesignName>
<engineerTo>
<item key="52979F14-0282-5691-B0E1-BC6B927E0BBE" value="true"/>
</engineerTo>
<useDomainConstraints>false</useDomainConstraints>
<use>1</use>
<logicalDatatype>LOGDT019</logicalDatatype>
<ownDataTypeParameters>,,</ownDataTypeParameters>
</Attribute>
<Attribute name="color" id="B1010CFE-9078-BFB6-2184-7CF4367BB7CD">
<createdBy>arekk</createdBy>
<createdTime>2025-08-23 04:03:49 UTC</createdTime>
<ownerDesignName>exp1_s2</ownerDesignName>
<engineerTo>
<item key="52979F14-0282-5691-B0E1-BC6B927E0BBE" value="true"/>
</engineerTo>
<useDomainConstraints>false</useDomainConstraints>
<use>1</use>
<logicalDatatype>LOGDT024</logicalDatatype>
<dataTypeSize>25</dataTypeSize>
<ownDataTypeParameters>25,,</ownDataTypeParameters>
</Attribute>
<Attribute name="peso" id="F31AD463-07C1-130E-7580-99E00522B4FB">
<createdBy>arekk</createdBy>
<createdTime>2025-08-23 04:03:49 UTC</createdTime>
<ownerDesignName>exp1_s2</ownerDesignName>
<engineerTo>
<item key="52979F14-0282-5691-B0E1-BC6B927E0BBE" value="true"/>
</engineerTo>
<useDomainConstraints>false</useDomainConstraints>
<use>1</use>
<logicalDatatype>LOGDT024</logicalDatatype>
<dataTypeSize>20</dataTypeSize>
<ownDataTypeParameters>20,,</ownDataTypeParameters>
</Attribute>
<Attribute name="descripcion" id="C12922CC-4959-9FF3-92A2-C950F0A48ADC">
<createdBy>arekk</createdBy>
<createdTime>2025-08-23 04:04:59 UTC</createdTime>
<ownerDesignName>exp1_s2</ownerDesignName>
<engineerTo>
<item key="52979F14-0282-5691-B0E1-BC6B927E0BBE" value="true"/>
</engineerTo>
<nullsAllowed>true</nullsAllowed>
<useDomainConstraints>false</useDomainConstraints>
<use>1</use>
<logicalDatatype>LOGDT040</logicalDatatype>
<ownDataTypeParameters>,,</ownDataTypeParameters>
</Attribute>
<Attribute name="pasaporte_cedula" id="A63D298B-0F10-ED6C-89FA-A2F3CCDD1625">
<createdBy>arekk</createdBy>
<createdTime>2025-08-26 02:31:52 UTC</createdTime>
<generatorID>FD5501A5-09B5-F90B-1914-E79868D2DB50</generatorID>
<ownerDesignName>exp1_s2</ownerDesignName>
<engineerTo>
<item key="52979F14-0282-5691-B0E1-BC6B927E0BBE" value="true"/>
</engineerTo>
<referedAttribute>08237F19-850C-F650-B1FD-B2966E488884</referedAttribute>
<useDomainConstraints>false</useDomainConstraints>
<use>1</use>
<logicalDatatype>LOGDT024</logicalDatatype>
<dataTypeSize>25</dataTypeSize>
<ownDataTypeParameters>,,</ownDataTypeParameters>
</Attribute>
</attributes>
<identifiers itemClass="oracle.dbtools.crest.model.design.logical.CandidateKey">
<identifier id="3C9CB2CC-BF02-FC8B-AA5A-E6CD7A1F20EF" name="EQUIPAJE PK">
<createdBy>arekk</createdBy>
<createdTime>2025-08-23 04:04:06 UTC</createdTime>
<ownerDesignName>exp1_s2</ownerDesignName>
<shouldEngineer>false</shouldEngineer>
<engineerTo>
<item key="52979F14-0282-5691-B0E1-BC6B927E0BBE" value="false"/>
</engineerTo>
<pk>true</pk>
<usedAttributes>
<attributeRef>AB76554A-2503-305D-6A5F-5657E96033EB</attributeRef>
<attributeRef>A63D298B-0F10-ED6C-89FA-A2F3CCDD1625</attributeRef>
</usedAttributes>
</identifier>
</identifiers>
</Entity>