<?xml version = '1.0' encoding = 'UTF-8'?>
<Diagram class="oracle.dbtools.crest.swingui.relational.DPVRelational" name="Relational_1" id="7C5F7B8C-314D-0479-C81E-9F84260DC299">
<createdBy>arekk</createdBy>
<modifiedBy>arekk</modifiedBy>
<createdTime>2025-08-23 03:31:36 UTC</createdTime>
<autoRoute>false</autoRoute>
<boxInbox>true</boxInbox>
<showLegend>false</showLegend>
<showLabels>false</showLabels>
<showRelAttributes>false</showRelAttributes>
<gridEnabled>false</gridEnabled>
<showGrid>false</showGrid>
<diagramColor>-1</diagramColor>
<display>false</display>
<notation>1</notation>
<objectViews>
<OView class="oracle.dbtools.crest.swingui.relational.TVTable" oid="1AE91DC1-213C-A5C6-85D1-7B431142BA77" otype="Table" vid="BC379E2F-D325-694A-44F6-CD65EBDB3378">
<hideElementsInCurrentOnly>false</hideElementsInCurrentOnly>
<bounds x="792" y="211" width="170" height="59"/>
</OView>
<OView class="oracle.dbtools.crest.swingui.relational.TVTable" oid="254243C1-79B4-ADEE-A1DB-0104F85F56D2" otype="Table" vid="FA4BC66F-896A-93D7-A215-9B89661E2C01">
<hideElementsInCurrentOnly>false</hideElementsInCurrentOnly>
<bounds x="143" y="712" width="186" height="120"/>
</OView>
<OView class="oracle.dbtools.crest.swingui.relational.TVTable" oid="2B6033B5-5858-5484-C7BF-75117675EE7B" otype="Table" vid="9DEEA493-ABC0-37FF-5FF6-CAA0E84E3CDB">
<hideElementsInCurrentOnly>false</hideElementsInCurrentOnly>
<bounds x="157" y="202" width="170" height="56"/>
</OView>
<OView class="oracle.dbtools.crest.swingui.relational.TVTable" oid="38FA9CEF-87BC-E2E0-6CDC-ABC6FD36AF39" otype="Table" vid="BD56D46C-24E2-CFD8-CB76-B8007EB93FBB">
<hideElementsInCurrentOnly>false</hideElementsInCurrentOnly>
<bounds x="1573" y="403" width="375" height="158"/>
</OView>
<OView class="oracle.dbtools.crest.swingui.relational.TVTable" oid="A74658B0-8D97-B401-315E-EA525FB0DEB7" otype="Table" vid="EF3814B4-105D-03CC-B9F2-96855825938D">
<hideElementsInCurrentOnly>false</hideElementsInCurrentOnly>
<bounds x="448" y="55" width="170" height="193"/>
</OView>
<OView class="oracle.dbtools.crest.swingui.relational.TVTable" oid="AD9BD2D6-7934-719F-7534-E4C509D3B232" otype="Table" vid="BD4627C9-C458-F93B-0ADD-4CC856FBBCD1">
<hideElementsInCurrentOnly>false</hideElementsInCurrentOnly>
<bounds x="1216" y="394" width="230" height="143"/>
</OView>
<OView class="oracle.dbtools.crest.swingui.relational.TVTable" oid="AEBA3116-E833-845C-B004-D6713E22BA2C" otype="Table" vid="2380F455-7241-8319-256D-953821E21CEF">
<hideElementsInCurrentOnly>false</hideElementsInCurrentOnly>
<bounds x="123" y="418" width="267" height="206"/>
</OView>
<OView class="oracle.dbtools.crest.swingui.relational.TVTable" oid="CBB6B7A8-ACAA-01CC-9111-BC00CD6AD8CA" otype="Table" vid="652383BE-634C-7C4D-6D2D-75C06B7E471C">
<hideElementsInCurrentOnly>false</hideElementsInCurrentOnly>
<bounds x="754" y="406" width="378" height="278"/>
</OView>
</objectViews>
<connectors>
<Connector class="oracle.dbtools.crest.swingui.relational.TVFKRelation" oid="3BB5C326-4291-9D9A-CF2E-605E6E56EF52" otype="FKIndexAssociation" vid_source="FA4BC66F-896A-93D7-A215-9B89661E2C01" vid_target="2380F455-7241-8319-256D-953821E21CEF">
<hideElementsInCurrentOnly>false</hideElementsInCurrentOnly>
<backgroundColor>-16777216</backgroundColor>
<lineWidth>1</lineWidth>
<points>
<point x="236" y="712"/>
<point x="236" y="624"/>
</points>
</Connector>
<Connector class="oracle.dbtools.crest.swingui.relational.TVFKRelation" oid="3FE96259-01EE-2641-A465-3889FCF031C5" otype="FKIndexAssociation" vid_source="BD4627C9-C458-F93B-0ADD-4CC856FBBCD1" vid_target="652383BE-634C-7C4D-6D2D-75C06B7E471C">
<hideElementsInCurrentOnly>false</hideElementsInCurrentOnly>
<backgroundColor>-16777216</backgroundColor>
<lineWidth>1</lineWidth>
<points>
<point x="1216" y="486"/>
<point x="1132" y="486"/>
</points>
</Connector>
<Connector class="oracle.dbtools.crest.swingui.relational.TVFKRelation" oid="40C8000E-FEFD-F5E1-0480-962349AE1F9D" otype="FKIndexAssociation" vid_source="9DEEA493-ABC0-37FF-5FF6-CAA0E84E3CDB" vid_target="2380F455-7241-8319-256D-953821E21CEF">
<hideElementsInCurrentOnly>false</hideElementsInCurrentOnly>
<backgroundColor>-16777216</backgroundColor>
<lineWidth>1</lineWidth>
<points>
<point x="242" y="258"/>
<point x="242" y="418"/>
</points>
</Connector>
<Connector class="oracle.dbtools.crest.swingui.relational.TVFKRelation" oid="4E6ED74E-F33F-1191-10C5-0D6AA7665328" otype="FKIndexAssociation" vid_source="BD4627C9-C458-F93B-0ADD-4CC856FBBCD1" vid_target="BD56D46C-24E2-CFD8-CB76-B8007EB93FBB">
<hideElementsInCurrentOnly>false</hideElementsInCurrentOnly>
<backgroundColor>-16777216</backgroundColor>
<lineWidth>1</lineWidth>
<points>
<point x="1446" y="485"/>
<point x="1573" y="485"/>
</points>
</Connector>
<Connector class="oracle.dbtools.crest.swingui.relational.TVFKRelation" oid="4EA63328-A367-2867-252F-8AC6B3EE5276" otype="FKIndexAssociation" vid_source="2380F455-7241-8319-256D-953821E21CEF" vid_target="652383BE-634C-7C4D-6D2D-75C06B7E471C">
<hideElementsInCurrentOnly>false</hideElementsInCurrentOnly>
<backgroundColor>-16777216</backgroundColor>
<lineWidth>1</lineWidth>
<points>
<point x="390" y="521"/>
<point x="754" y="521"/>
</points>
</Connector>
<Connector class="oracle.dbtools.crest.swingui.relational.TVFKRelation" oid="A9D20503-4B1F-70EB-4BEC-648013E6A038" otype="FKIndexAssociation" vid_source="EF3814B4-105D-03CC-B9F2-96855825938D" vid_target="9DEEA493-ABC0-37FF-5FF6-CAA0E84E3CDB">
<hideElementsInCurrentOnly>false</hideElementsInCurrentOnly>
<backgroundColor>-16777216</backgroundColor>
<lineWidth>1</lineWidth>
<points>
<point x="448" y="225"/>
<point x="327" y="225"/>
</points>
</Connector>
<Connector class="oracle.dbtools.crest.swingui.relational.TVFKRelation" oid="ABA098DA-2C78-4FF9-95E9-D6DF1789E1DE" otype="FKIndexAssociation" vid_source="EF3814B4-105D-03CC-B9F2-96855825938D" vid_target="BC379E2F-D325-694A-44F6-CD65EBDB3378">
<hideElementsInCurrentOnly>false</hideElementsInCurrentOnly>
<backgroundColor>-16777216</backgroundColor>
<lineWidth>1</lineWidth>
<points>
<point x="618" y="229"/>
<point x="792" y="229"/>
</points>
</Connector>
<Connector class="oracle.dbtools.crest.swingui.relational.TVFKRelation" oid="ED03E788-1484-A0E8-9690-6CDB0FD17F3A" otype="FKIndexAssociation" vid_source="BC379E2F-D325-694A-44F6-CD65EBDB3378" vid_target="652383BE-634C-7C4D-6D2D-75C06B7E471C">
<hideElementsInCurrentOnly>false</hideElementsInCurrentOnly>
<backgroundColor>-16777216</backgroundColor>
<lineWidth>1</lineWidth>
<points>
<point x="877" y="270"/>
<point x="877" y="406"/>
</points>
</Connector>
</connectors>
</Diagram>