<?xml version = '1.0' encoding = 'UTF-8'?>
<Relation class="oracle.dbtools.crest.model.design.logical.Relation" name="Relation_16" directorySegmentName="seg_0" id="014ECF22-9251-6528-D43E-4B23A6A3209B">
<createdBy>arekk</createdBy>
<createdTime>2025-08-26 02:33:14 UTC</createdTime>
<ownerDesignName>exp1_s2</ownerDesignName>
<engineerTo>
<item key="52979F14-0282-5691-B0E1-BC6B927E0BBE" value="true"/>
</engineerTo>
<sourcePk>5EFD1956-68E3-0B2A-68E0-22599108924E</sourcePk>
<identifying>true</identifying>
<nameOnSource>asociado</nameOnSource>
<nameOnTarget>asociada</nameOnTarget>
<optionalSource>false</optionalSource>
<optionalTarget>false</optionalTarget>
<sourceCardinality>1</sourceCardinality>
<sourceEntity>4AB3EDC6-4021-D265-F2E0-6098CE5110D5</sourceEntity>
<targetCardinalityString>*</targetCardinalityString>
<targetEntity>79267FF1-2132-89E8-A51C-5C87B0448D3D</targetEntity>
<transferable>true</transferable>
<deleteRule>NO ACTION</deleteRule>
</Relation>