<?xml version = '1.0' encoding = 'UTF-8'?>
<Relation class="oracle.dbtools.crest.model.design.logical.Relation" name="Relation_17" directorySegmentName="seg_0" id="29861AF5-2CF3-2D12-8248-051AE6040609">
<createdBy>arekk</createdBy>
<createdTime>2025-08-26 02:51:41 UTC</createdTime>
<ownerDesignName>exp1_s2</ownerDesignName>
<engineerTo>
<item key="52979F14-0282-5691-B0E1-BC6B927E0BBE" value="true"/>
</engineerTo>
<sourcePk>5FE51A03-5103-4659-8D69-A3EB5FF9B612</sourcePk>
<identifying>true</identifying>
<nameOnSource>asignado</nameOnSource>
<nameOnTarget>asignado</nameOnTarget>
<optionalSource>false</optionalSource>
<optionalTarget>false</optionalTarget>
<sourceCardinality>1</sourceCardinality>
<sourceEntity>774A01B0-661F-286D-BD0A-1FC27FDA4FE0</sourceEntity>
<targetCardinalityString>*</targetCardinalityString>
<targetEntity>4AB3EDC6-4021-D265-F2E0-6098CE5110D5</targetEntity>
<transferable>true</transferable>
<deleteRule>NO ACTION</deleteRule>
</Relation>