<?xml version = '1.0' encoding = 'UTF-8'?>
<Relation class="oracle.dbtools.crest.model.design.logical.Relation" name="Relation_18" directorySegmentName="seg_0" id="86A77D45-CE3B-36F1-C7EB-49E7BEC32280">
<createdBy>arekk</createdBy>
<createdTime>2025-08-26 02:51:48 UTC</createdTime>
<ownerDesignName>exp1_s2</ownerDesignName>
<engineerTo>
<item key="52979F14-0282-5691-B0E1-BC6B927E0BBE" value="true"/>
</engineerTo>
<sourcePk>5FE51A03-5103-4659-8D69-A3EB5FF9B612</sourcePk>
<identifying>true</identifying>
<nameOnSource>genera</nameOnSource>
<nameOnTarget>generado por</nameOnTarget>
<optionalSource>false</optionalSource>
<optionalTarget>false</optionalTarget>
<sourceCardinality>1</sourceCardinality>
<sourceEntity>50FA4C18-CB78-7C39-C3F4-3CA05BCA10C2</sourceEntity>
<targetCardinalityString>*</targetCardinalityString>
<targetEntity>79267FF1-2132-89E8-A51C-5C87B0448D3D</targetEntity>
<transferable>true</transferable>
<deleteRule>NO ACTION</deleteRule>
</Relation>