<?xml version = '1.0' encoding = 'UTF-8'?>
<Relation class="oracle.dbtools.crest.model.design.logical.Relation" name="Relation_12" directorySegmentName="seg_0" id="960AD233-FA7B-B253-7F82-0396887CCB39">
<createdBy>arekk</createdBy>
<createdTime>2025-08-26 02:27:19 UTC</createdTime>
<ownerDesignName>exp1_s2</ownerDesignName>
<engineerTo>
<item key="52979F14-0282-5691-B0E1-BC6B927E0BBE" value="true"/>
</engineerTo>
<sourcePk>15D2DA9F-C22F-7E79-E398-0AD66E742BC6</sourcePk>
<identifying>true</identifying>
<nameOnSource>asociado</nameOnSource>
<nameOnTarget>realizar</nameOnTarget>
<optionalSource>false</optionalSource>
<optionalTarget>false</optionalTarget>
<sourceCardinality>1</sourceCardinality>
<sourceEntity>658D29C6-7E29-943C-47F4-7AEA076C36D4</sourceEntity>
<targetCardinalityString>*</targetCardinalityString>
<targetEntity>4AB3EDC6-4021-D265-F2E0-6098CE5110D5</targetEntity>
<transferable>true</transferable>
<deleteRule>NO ACTION</deleteRule>
</Relation>