<?xml version = '1.0' encoding = 'UTF-8'?>
<Relation class="oracle.dbtools.crest.model.design.logical.Relation" name="Relation_13" directorySegmentName="seg_0" id="BB669E08-4515-DF26-0F15-8F1C91D1973A">
<createdBy>arekk</createdBy>
<createdTime>2025-08-26 02:30:23 UTC</createdTime>
<ownerDesignName>exp1_s2</ownerDesignName>
<engineerTo>
<item key="52979F14-0282-5691-B0E1-BC6B927E0BBE" value="true"/>
</engineerTo>
<sourcePk>CC78D58A-210C-F323-2B68-6B1420F1C73E</sourcePk>
<identifying>true</identifying>
<nameOnSource>realizar</nameOnSource>
<nameOnTarget>corresponde</nameOnTarget>
<optionalSource>false</optionalSource>
<optionalTarget>false</optionalTarget>
<sourceCardinality>1</sourceCardinality>
<sourceEntity>9E9AFB2B-8395-6D23-BA1B-65C55F132CE9</sourceEntity>
<targetCardinalityString>*</targetCardinalityString>
<targetEntity>79267FF1-2132-89E8-A51C-5C87B0448D3D</targetEntity>
<transferable>true</transferable>
<deleteRule>NO ACTION</deleteRule>
</Relation>