<?xml version = '1.0' encoding = 'UTF-8'?>
<Relation class="oracle.dbtools.crest.model.design.logical.Relation" name="Relation_15" directorySegmentName="seg_0" id="FD5501A5-09B5-F90B-1914-E79868D2DB50">
<createdBy>arekk</createdBy>
<createdTime>2025-08-26 02:31:52 UTC</createdTime>
<ownerDesignName>exp1_s2</ownerDesignName>
<engineerTo>
<item key="52979F14-0282-5691-B0E1-BC6B927E0BBE" value="true"/>
</engineerTo>
<sourcePk>CC78D58A-210C-F323-2B68-6B1420F1C73E</sourcePk>
<identifying>true</identifying>
<nameOnSource>llevar</nameOnSource>
<nameOnTarget>asociado</nameOnTarget>
<optionalSource>true</optionalSource>
<optionalTarget>false</optionalTarget>
<sourceCardinality>1</sourceCardinality>
<sourceEntity>9E9AFB2B-8395-6D23-BA1B-65C55F132CE9</sourceEntity>
<targetCardinalityString>*</targetCardinalityString>
<targetEntity>A6D7D4C7-5396-AA95-D734-B841B93AA101</targetEntity>
<transferable>true</transferable>
<deleteRule>NO ACTION</deleteRule>
</Relation>