<?xml version = '1.0' encoding = 'UTF-8'?>
<Diagram class="oracle.dbtools.crest.swingui.logical.DPVLogical" name="Logical" id="7D2C38D8-2257-2622-5683-6077C118C136">
<createdBy>arekk</createdBy>
<modifiedBy>arekk</modifiedBy>
<createdTime>2025-08-23 03:31:36 UTC</createdTime>
<autoRoute>false</autoRoute>
<boxInbox>true</boxInbox>
<showLegend>false</showLegend>
<showLabels>true</showLabels>
<showRelAttributes>false</showRelAttributes>
<gridEnabled>false</gridEnabled>
<showGrid>false</showGrid>
<diagramColor>-1</diagramColor>
<display>false</display>
<notation>0</notation>
<showComments>true</showComments>
<showClassificationTypes>true</showClassificationTypes>
<objectViews>
<OView class="oracle.dbtools.crest.swingui.logical.TVEntity" oid="4AB3EDC6-4021-D265-F2E0-6098CE5110D5" otype="Entity" vid="42A5F0C0-43DE-D1C7-2473-9A547D9C8E44">
<hideElementsInCurrentOnly>false</hideElementsInCurrentOnly>
<bounds x="125" y="404" width="186" height="159"/>
</OView>
<OView class="oracle.dbtools.crest.swingui.logical.TVEntity" oid="50FA4C18-CB78-7C39-C3F4-3CA05BCA10C2" otype="Entity" vid="93189B1A-E02F-4CC0-6948-347C05C3EDF6">
<hideElementsInCurrentOnly>false</hideElementsInCurrentOnly>
<bounds x="348" y="181" width="170" height="59"/>
</OView>
<OView class="oracle.dbtools.crest.swingui.logical.TVEntity" oid="658D29C6-7E29-943C-47F4-7AEA076C36D4" otype="Entity" vid="ED01FD3A-7141-491C-2701-F5679FA791F2">
<hideElementsInCurrentOnly>false</hideElementsInCurrentOnly>
<bounds x="115" y="654" width="170" height="120"/>
</OView>
<OView class="oracle.dbtools.crest.swingui.logical.TVEntity" oid="774A01B0-661F-286D-BD0A-1FC27FDA4FE0" otype="Entity" vid="A059E9CC-57B6-C90D-7243-37E4A9734416">
<hideElementsInCurrentOnly>false</hideElementsInCurrentOnly>
<bounds x="173" y="184" width="170" height="56"/>
</OView>
<OView class="oracle.dbtools.crest.swingui.logical.TVEntity" oid="79267FF1-2132-89E8-A51C-5C87B0448D3D" otype="Entity" vid="C2C79011-C8DF-F213-CE46-CFD356A9BBE1">
<hideElementsInCurrentOnly>false</hideElementsInCurrentOnly>
<bounds x="481" y="397" width="198" height="181"/>
</OView>
<OView class="oracle.dbtools.crest.swingui.logical.TVEntity" oid="9E9AFB2B-8395-6D23-BA1B-65C55F132CE9" otype="Entity" vid="89F7BE06-305E-E526-2DDE-743448BFD074">
<hideElementsInCurrentOnly>false</hideElementsInCurrentOnly>
<bounds x="804" y="393" width="230" height="143"/>
</OView>
<OView class="oracle.dbtools.crest.swingui.logical.TVEntity" oid="A6D7D4C7-5396-AA95-D734-B841B93AA101" otype="Entity" vid="BC7289DF-1F40-47BC-F6BC-0E1B25907C49">
<hideElementsInCurrentOnly>false</hideElementsInCurrentOnly>
<bounds x="1186" y="396" width="281" height="133"/>
</OView>
<OView class="oracle.dbtools.crest.swingui.logical.TVEntity" oid="B0516345-32DF-5940-9028-344DEDADF12C" otype="Entity" vid="3F7543C6-40E3-6516-30D3-00FD7F044749">
<hideElementsInCurrentOnly>false</hideElementsInCurrentOnly>
<bounds x="162" y="12" width="366" height="238"/>
</OView>
</objectViews>
<connectors>
<Connector class="oracle.dbtools.crest.swingui.logical.TVRelation" oid="014ECF22-9251-6528-D43E-4B23A6A3209B" otype="Relation" vid_source="42A5F0C0-43DE-D1C7-2473-9A547D9C8E44" vid_target="C2C79011-C8DF-F213-CE46-CFD356A9BBE1">
<hideElementsInCurrentOnly>false</hideElementsInCurrentOnly>
<backgroundColor>-16777216</backgroundColor>
<lineWidth>1</lineWidth>
<sourceLabel class="oracle.dbtools.crest.model.design.Label">
<site>0</site>
<labelBounds x="321" y="461" width="58" height="37"/>
<noBackgroundColor>true</noBackgroundColor>
<noForegroundColor>true</noForegroundColor>
</sourceLabel>
<targetLabel class="oracle.dbtools.crest.model.design.Label">
<site>2</site>
<labelBounds x="417" y="501" width="58" height="33"/>
<noBackgroundColor>true</noBackgroundColor>
<noForegroundColor>true</noForegroundColor>
</targetLabel>
<points>
<point x="311" y="498"/>
<point x="481" y="498"/>
</points>
</Connector>
<Connector class="oracle.dbtools.crest.swingui.logical.TVInheritanceRelation" oid="03F5B2F4-9EE0-8D24-2A4C-CBAB8C9A525B" otype="Hierarchy relation" vid_source="3F7543C6-40E3-6516-30D3-00FD7F044749" vid_target="A059E9CC-57B6-C90D-7243-37E4A9734416">
<hideElementsInCurrentOnly>false</hideElementsInCurrentOnly>
<backgroundColor>-65536</backgroundColor>
<lineWidth>1</lineWidth>
</Connector>
<Connector class="oracle.dbtools.crest.swingui.logical.TVInheritanceRelation" oid="0ED793D3-C650-6CEC-4798-ACD5F87F9CAD" otype="Hierarchy relation" vid_source="3F7543C6-40E3-6516-30D3-00FD7F044749" vid_target="93189B1A-E02F-4CC0-6948-347C05C3EDF6">
<hideElementsInCurrentOnly>false</hideElementsInCurrentOnly>
<backgroundColor>-65536</backgroundColor>
<lineWidth>1</lineWidth>
</Connector>
<Connector class="oracle.dbtools.crest.swingui.logical.TVRelation" oid="29861AF5-2CF3-2D12-8248-051AE6040609" otype="Relation" vid_source="A059E9CC-57B6-C90D-7243-37E4A9734416" vid_target="42A5F0C0-43DE-D1C7-2473-9A547D9C8E44">
<hideElementsInCurrentOnly>false</hideElementsInCurrentOnly>
<backgroundColor>-16777216</backgroundColor>
<lineWidth>1</lineWidth>
<sourceLabel class="oracle.dbtools.crest.model.design.Label">
<site>0</site>
<labelBounds x="272" y="276" width="58" height="30"/>
<noBackgroundColor>true</noBackgroundColor>
<noForegroundColor>true</noForegroundColor>
</sourceLabel>
<targetLabel class="oracle.dbtools.crest.model.design.Label">
<site>2</site>
<labelBounds x="272" y="352" width="58" height="30"/>
<noBackgroundColor>true</noBackgroundColor>
<noForegroundColor>true</noForegroundColor>
</targetLabel>
<points>
<point x="272" y="240"/>
<point x="272" y="404"/>
</points>
</Connector>
<Connector class="oracle.dbtools.crest.swingui.logical.TVRelation" oid="86A77D45-CE3B-36F1-C7EB-49E7BEC32280" otype="Relation" vid_source="93189B1A-E02F-4CC0-6948-347C05C3EDF6" vid_target="C2C79011-C8DF-F213-CE46-CFD356A9BBE1">
<hideElementsInCurrentOnly>false</hideElementsInCurrentOnly>
<backgroundColor>-16777216</backgroundColor>
<lineWidth>1</lineWidth>
<sourceLabel class="oracle.dbtools.crest.model.design.Label">
<site>0</site>
<labelBounds x="499" y="276" width="48" height="30"/>
<noBackgroundColor>true</noBackgroundColor>
<noForegroundColor>true</noForegroundColor>
</sourceLabel>
<targetLabel class="oracle.dbtools.crest.model.design.Label">
<site>2</site>
<labelBounds x="499" y="345" width="78" height="30"/>
<noBackgroundColor>true</noBackgroundColor>
<noForegroundColor>true</noForegroundColor>
</targetLabel>
<points>
<point x="499" y="240"/>
<point x="499" y="397"/>
</points>
</Connector>
<Connector class="oracle.dbtools.crest.swingui.logical.TVRelation" oid="960AD233-FA7B-B253-7F82-0396887CCB39" otype="Relation" vid_source="ED01FD3A-7141-491C-2701-F5679FA791F2" vid_target="42A5F0C0-43DE-D1C7-2473-9A547D9C8E44">
<hideElementsInCurrentOnly>false</hideElementsInCurrentOnly>
<backgroundColor>-16777216</backgroundColor>
<lineWidth>1</lineWidth>
<sourceLabel class="oracle.dbtools.crest.model.design.Label">
<site>0</site>
<labelBounds x="220" y="615" width="58" height="33"/>
<noBackgroundColor>true</noBackgroundColor>
<noForegroundColor>true</noForegroundColor>
</sourceLabel>
<targetLabel class="oracle.dbtools.crest.model.design.Label">
<site>2</site>
<labelBounds x="220" y="602" width="58" height="33"/>
<noBackgroundColor>true</noBackgroundColor>
<noForegroundColor>true</noForegroundColor>
</targetLabel>
<points>
<point x="220" y="654"/>
<point x="220" y="563"/>
</points>
</Connector>
<Connector class="oracle.dbtools.crest.swingui.logical.TVRelation" oid="BB669E08-4515-DF26-0F15-8F1C91D1973A" otype="Relation" vid_source="89F7BE06-305E-E526-2DDE-743448BFD074" vid_target="C2C79011-C8DF-F213-CE46-CFD356A9BBE1">
<hideElementsInCurrentOnly>false</hideElementsInCurrentOnly>
<backgroundColor>-16777216</backgroundColor>
<lineWidth>1</lineWidth>
<sourceLabel class="oracle.dbtools.crest.model.design.Label">
<site>0</site>
<labelBounds x="748" y="431" width="50" height="35"/>
<noBackgroundColor>true</noBackgroundColor>
<noForegroundColor>true</noForegroundColor>
</sourceLabel>
<targetLabel class="oracle.dbtools.crest.model.design.Label">
<site>2</site>
<labelBounds x="689" y="469" width="73" height="32"/>
<noBackgroundColor>true</noBackgroundColor>
<noForegroundColor>true</noForegroundColor>
</targetLabel>
<points>
<point x="804" y="466"/>
<point x="633" y="474"/>
</points>
</Connector>
<Connector class="oracle.dbtools.crest.swingui.logical.TVRelation" oid="FD5501A5-09B5-F90B-1914-E79868D2DB50" otype="Relation" vid_source="89F7BE06-305E-E526-2DDE-743448BFD074" vid_target="BC7289DF-1F40-47BC-F6BC-0E1B25907C49">
<hideElementsInCurrentOnly>false</hideElementsInCurrentOnly>
<backgroundColor>-16777216</backgroundColor>
<lineWidth>1</lineWidth>
<sourceLabel class="oracle.dbtools.crest.model.design.Label">
<site>0</site>
<labelBounds x="1044" y="462" width="41" height="33"/>
<noBackgroundColor>true</noBackgroundColor>
<noForegroundColor>true</noForegroundColor>
</sourceLabel>
<targetLabel class="oracle.dbtools.crest.model.design.Label">
<site>2</site>
<labelBounds x="1136" y="460" width="58" height="33"/>
<noBackgroundColor>true</noBackgroundColor>
<noForegroundColor>true</noForegroundColor>
</targetLabel>
<points>
<point x="1034" y="462"/>
<point x="1200" y="460"/>
</points>
</Connector>
</connectors>
</Diagram>