<?xml version = '1.0' encoding = 'UTF-8'?>
<FKIndexAssociation class="oracle.dbtools.crest.model.design.relational.FKIndexAssociation" directorySegmentName="seg_0" id="3BB5C326-4291-9D9A-CF2E-605E6E56EF52" containerWithKeyObject="AEBA3116-E833-845C-B004-D6713E22BA2C" localFKIndex="BB6339BF-DC88-474D-B377-266934455BDD" name="VUELO_AVION_FK">
<createdBy>arekk</createdBy>
<createdTime>2025-08-23 04:18:07 UTC</createdTime>
<generatorID>359B6A1B-D939-93CF-8FF4-D354AC7FCFA6</generatorID>
<ownerDesignName>exp1_s2</ownerDesignName>
<referredTableLongName>AVION</referredTableLongName>
<deleteRule>NO ACTION</deleteRule>
<referredTableID>254243C1-79B4-ADEE-A1DB-0104F85F56D2</referredTableID>
<keyObject>DFC5200F-B831-04FA-E2CC-F088B130E92E</keyObject>
<referredKeyID>DFC5200F-B831-04FA-E2CC-F088B130E92E</referredKeyID>
<mandatory>true</mandatory>
<refColNames>matricula</refColNames>
<transferable>true</transferable>
<rely>false</rely>
<columnDependencyConstraintGenerateInDDL>true</columnDependencyConstraintGenerateInDDL>
</FKIndexAssociation>