<?xml version = '1.0' encoding = 'UTF-8'?>
<FKIndexAssociation class="oracle.dbtools.crest.model.design.relational.FKIndexAssociation" directorySegmentName="seg_0" id="3FE96259-01EE-2641-A465-3889FCF031C5" containerWithKeyObject="CBB6B7A8-ACAA-01CC-9111-BC00CD6AD8CA" localFKIndex="3642163D-9817-72A7-DEA4-48CC55D142BB" name="RESERVA_PASAJERO_FK">
<createdBy>arekk</createdBy>
<createdTime>2025-08-23 04:18:07 UTC</createdTime>
<generatorID>925FF6DD-2DD8-A8F0-5CD2-B03B06E3B0F3</generatorID>
<ownerDesignName>exp1_s2</ownerDesignName>
<referredTableLongName>PASAJERO</referredTableLongName>
<deleteRule>NO ACTION</deleteRule>
<referredTableID>AD9BD2D6-7934-719F-7534-E4C509D3B232</referredTableID>
<keyObject>B24DE8FE-D1BA-7068-480A-A3C52F0AD807</keyObject>
<referredKeyID>B24DE8FE-D1BA-7068-480A-A3C52F0AD807</referredKeyID>
<mandatory>true</mandatory>
<refColNames>pasaporte_cedula</refColNames>
<transferable>true</transferable>
<rely>false</rely>
<columnDependencyConstraintGenerateInDDL>true</columnDependencyConstraintGenerateInDDL>
</FKIndexAssociation>