<?xml version = '1.0' encoding = 'UTF-8'?>
<FKIndexAssociation class="oracle.dbtools.crest.model.design.relational.FKIndexAssociation" directorySegmentName="seg_0" id="40C8000E-FEFD-F5E1-0480-962349AE1F9D" containerWithKeyObject="AEBA3116-E833-845C-B004-D6713E22BA2C" localFKIndex="39F38347-86BA-D87E-DFFD-F61F9DEE64DD" name="VUELO_PILOTO_FK">
<createdBy>arekk</createdBy>
<createdTime>2025-08-26 02:53:07 UTC</createdTime>
<generatorID>29861AF5-2CF3-2D12-8248-051AE6040609</generatorID>
<ownerDesignName>exp1_s2</ownerDesignName>
<referredTableLongName>PILOTO</referredTableLongName>
<deleteRule>NO ACTION</deleteRule>
<referredTableID>2B6033B5-5858-5484-C7BF-75117675EE7B</referredTableID>
<keyObject>BEDCDD9D-A7F8-D3BB-EF45-DAC15CB791EE</keyObject>
<referredKeyID>BEDCDD9D-A7F8-D3BB-EF45-DAC15CB791EE</referredKeyID>
<mandatory>true</mandatory>
<refColNames>rut</refColNames>
<transferable>true</transferable>
<rely>false</rely>
<columnDependencyConstraintGenerateInDDL>true</columnDependencyConstraintGenerateInDDL>
</FKIndexAssociation>