<?xml version = '1.0' encoding = 'UTF-8'?>
<FKIndexAssociation class="oracle.dbtools.crest.model.design.relational.FKIndexAssociation" directorySegmentName="seg_0" id="4E6ED74E-F33F-1191-10C5-0D6AA7665328" containerWithKeyObject="38FA9CEF-87BC-E2E0-6CDC-ABC6FD36AF39" localFKIndex="B0EF9FE8-0C6B-32C0-BF31-64DBEDC55317" name="EQUIPAJE_PASAJERO_FK">
<createdBy>arekk</createdBy>
<createdTime>2025-08-23 04:08:59 UTC</createdTime>
<generatorID>EE24E315-1BE6-BDE1-CF9C-E2F1DCB38758</generatorID>
<ownerDesignName>exp1_s2</ownerDesignName>
<referredTableLongName>PASAJERO</referredTableLongName>
<deleteRule>NO ACTION</deleteRule>
<referredTableID>AD9BD2D6-7934-719F-7534-E4C509D3B232</referredTableID>
<keyObject>B24DE8FE-D1BA-7068-480A-A3C52F0AD807</keyObject>
<referredKeyID>B24DE8FE-D1BA-7068-480A-A3C52F0AD807</referredKeyID>
<mandatory>true</mandatory>
<refColNames>pasaporte_cedula</refColNames>
<transferable>true</transferable>
<rely>false</rely>
<columnDependencyConstraintGenerateInDDL>true</columnDependencyConstraintGenerateInDDL>
</FKIndexAssociation>