<?xml version = '1.0' encoding = 'UTF-8'?>
<FKIndexAssociation class="oracle.dbtools.crest.model.design.relational.FKIndexAssociation" directorySegmentName="seg_0" id="4EA63328-A367-2867-252F-8AC6B3EE5276" containerWithKeyObject="CBB6B7A8-ACAA-01CC-9111-BC00CD6AD8CA" localFKIndex="0ECBAE13-A97B-6F3D-576C-85B2942C40F7" name="RESERVA_VUELO_FK">
<createdBy>arekk</createdBy>
<createdTime>2025-08-23 04:18:07 UTC</createdTime>
<generatorID>40F18A07-AED5-3533-D445-FF285E429F85</generatorID>
<ownerDesignName>exp1_s2</ownerDesignName>
<referredTableLongName>VUELO</referredTableLongName>
<deleteRule>NO ACTION</deleteRule>
<referredTableID>AEBA3116-E833-845C-B004-D6713E22BA2C</referredTableID>
<keyObject>CC5EC2B7-77AF-8CF7-FF33-DEA3D8526856</keyObject>
<referredKeyID>CC5EC2B7-77AF-8CF7-FF33-DEA3D8526856</referredKeyID>
<mandatory>true</mandatory>
<refColNames>numero_vuelo</refColNames>
<transferable>true</transferable>
<rely>false</rely>
<columnDependencyConstraintGenerateInDDL>true</columnDependencyConstraintGenerateInDDL>
</FKIndexAssociation>