<?xml version = '1.0' encoding = 'UTF-8'?>
<FKIndexAssociation class="oracle.dbtools.crest.model.design.relational.FKIndexAssociation" directorySegmentName="seg_0" id="A9D20503-4B1F-70EB-4BEC-648013E6A038" containerWithKeyObject="2B6033B5-5858-5484-C7BF-75117675EE7B" localFKIndex="63DC587F-2F17-9DA3-93B4-8ED4E41C6A4F" name="PILOTO_EMPLEADO_FK">
<createdBy>arekk</createdBy>
<createdTime>2025-08-26 02:53:07 UTC</createdTime>
<generatorID>03F5B2F4-9EE0-8D24-2A4C-CBAB8C9A525B</generatorID>
<ownerDesignName>exp1_s2</ownerDesignName>
<referredTableLongName>EMPLEADO</referredTableLongName>
<deleteRule>NO ACTION</deleteRule>
<referredTableID>A74658B0-8D97-B401-315E-EA525FB0DEB7</referredTableID>
<keyObject>6FB00F75-ACF0-E30F-AD65-2B0FB5792B49</keyObject>
<referredKeyID>6FB00F75-ACF0-E30F-AD65-2B0FB5792B49</referredKeyID>
<mandatory>true</mandatory>
<refColNames>rut</refColNames>
<transferable>true</transferable>
<rely>false</rely>
<columnDependencyConstraintGenerateInDDL>true</columnDependencyConstraintGenerateInDDL>
</FKIndexAssociation>