<?xml version = '1.0' encoding = 'UTF-8'?>
<FKIndexAssociation class="oracle.dbtools.crest.model.design.relational.FKIndexAssociation" directorySegmentName="seg_0" id="ABA098DA-2C78-4FF9-95E9-D6DF1789E1DE" containerWithKeyObject="1AE91DC1-213C-A5C6-85D1-7B431142BA77" localFKIndex="2B2F7858-8F95-3D39-9025-0BE6BB82B190" name="ADMINISTRATIVO_EMPLEADO_FK">
<createdBy>arekk</createdBy>
<createdTime>2025-08-26 02:53:07 UTC</createdTime>
<generatorID>0ED793D3-C650-6CEC-4798-ACD5F87F9CAD</generatorID>
<ownerDesignName>exp1_s2</ownerDesignName>
<referredTableLongName>EMPLEADO</referredTableLongName>
<deleteRule>NO ACTION</deleteRule>
<referredTableID>A74658B0-8D97-B401-315E-EA525FB0DEB7</referredTableID>
<keyObject>6FB00F75-ACF0-E30F-AD65-2B0FB5792B49</keyObject>
<referredKeyID>6FB00F75-ACF0-E30F-AD65-2B0FB5792B49</referredKeyID>
<mandatory>true</mandatory>
<refColNames>rut</refColNames>
<transferable>true</transferable>
<rely>false</rely>
<columnDependencyConstraintGenerateInDDL>true</columnDependencyConstraintGenerateInDDL>
</FKIndexAssociation>