<?xml version = '1.0' encoding = 'UTF-8'?>
<FKIndexAssociation class="oracle.dbtools.crest.model.design.relational.FKIndexAssociation" directorySegmentName="seg_0" id="ED03E788-1484-A0E8-9690-6CDB0FD17F3A" containerWithKeyObject="CBB6B7A8-ACAA-01CC-9111-BC00CD6AD8CA" localFKIndex="6FEA2CB0-2BCF-9EDC-B66D-8DEF4EA45834" name="RESERVA_ADMINISTRATIVO_FK">
<createdBy>arekk</createdBy>
<createdTime>2025-08-26 02:53:07 UTC</createdTime>
<generatorID>86A77D45-CE3B-36F1-C7EB-49E7BEC32280</generatorID>
<ownerDesignName>exp1_s2</ownerDesignName>
<referredTableLongName>ADMINISTRATIVO</referredTableLongName>
<deleteRule>NO ACTION</deleteRule>
<referredTableID>1AE91DC1-213C-A5C6-85D1-7B431142BA77</referredTableID>
<keyObject>6B0EBE63-FC16-5E9E-D85B-07B696C99C92</keyObject>
<referredKeyID>6B0EBE63-FC16-5E9E-D85B-07B696C99C92</referredKeyID>
<mandatory>true</mandatory>
<refColNames>rut</refColNames>
<transferable>true</transferable>
<rely>false</rely>
<columnDependencyConstraintGenerateInDDL>true</columnDependencyConstraintGenerateInDDL>
</FKIndexAssociation>