<?xml version = '1.0' encoding = 'UTF-8'?>
<Table class="oracle.dbtools.crest.model.design.relational.Table" directorySegmentName="seg_0" id="1AE91DC1-213C-A5C6-85D1-7B431142BA77" name="ADMINISTRATIVO">
<createdBy>arekk</createdBy>
<createdTime>2025-08-26 02:53:07 UTC</createdTime>
<generatorID>50FA4C18-CB78-7C39-C3F4-3CA05BCA10C2</generatorID>
<ownerDesignName>exp1_s2</ownerDesignName>
<allowColumnReorder>false</allowColumnReorder>
<existDependencyGenerateInDDl>true</existDependencyGenerateInDDl>
<parsed>true</parsed>
<columns itemClass="oracle.dbtools.crest.model.design.relational.Column">
<Column name="rut" id="6C28E842-E5B2-722C-50B7-B8246EDE5DDC">
<createdBy>arekk</createdBy>
<createdTime>2025-08-26 02:53:07 UTC</createdTime>
<generatorID>4F396CED-A0B6-51C8-9430-1EC6218A1673</generatorID>
<ownerDesignName>exp1_s2</ownerDesignName>
<useDomainConstraints>false</useDomainConstraints>
<use>1</use>
<logicalDatatype>LOGDT024</logicalDatatype>
<dataTypeSize>20</dataTypeSize>
<ownDataTypeParameters>,,</ownDataTypeParameters>
<autoIncrementCycle>false</autoIncrementCycle>
<associations>
<colAssociation fkAssociation="ABA098DA-2C78-4FF9-95E9-D6DF1789E1DE" referredColumn="20B9144E-3B1E-235F-1821-DDD1EAA9700B"/>
</associations>
</Column>
<Column name="horas_extras" id="5CE39E30-80FB-2614-5644-C370DD9F530E">
<createdBy>arekk</createdBy>
<createdTime>2025-08-26 02:53:07 UTC</createdTime>
<generatorID>2D8E0863-8545-5D7B-FE26-F9F27D18AB56</generatorID>
<ownerDesignName>exp1_s2</ownerDesignName>
<useDomainConstraints>false</useDomainConstraints>
<use>1</use>
<logicalDatatype>LOGDT011</logicalDatatype>
<ownDataTypeParameters>,,</ownDataTypeParameters>
<autoIncrementCycle>false</autoIncrementCycle>
</Column>
</columns>
<indexes itemClass="oracle.dbtools.crest.model.design.relational.Index">
<ind_PK_UK id="6B0EBE63-FC16-5E9E-D85B-07B696C99C92" name="ADMINISTRATIVO_PK">
<createdBy>arekk</createdBy>
<createdTime>2025-08-26 02:53:07 UTC</createdTime>
<generatorID>5FE51A03-5103-4659-8D69-A3EB5FF9B612</generatorID>
<ownerDesignName>exp1_s2</ownerDesignName>
<pk>true</pk>
<indexState>Primary Constraint</indexState>
<isSurrogateKey>false</isSurrogateKey>
<indexColumnUsage>
<colUsage columnID="6C28E842-E5B2-722C-50B7-B8246EDE5DDC"/>
</indexColumnUsage>
</ind_PK_UK>
<ind_PK_UK id="2B2F7858-8F95-3D39-9025-0BE6BB82B190" name="ADMINISTRATIVO_EMPLEADO_FK">
<createdBy>arekk</createdBy>
<createdTime>2025-08-26 02:53:07 UTC</createdTime>
<generatorID>0ED793D3-C650-6CEC-4798-ACD5F87F9CAD</generatorID>
<ownerDesignName>exp1_s2</ownerDesignName>
<indexState>Foreign Key</indexState>
<isSurrogateKey>false</isSurrogateKey>
<indexColumnUsage>
<colUsage columnID="6C28E842-E5B2-722C-50B7-B8246EDE5DDC"/>
</indexColumnUsage>
</ind_PK_UK>
</indexes>
</Table>