<?xml version = '1.0' encoding = 'UTF-8'?>
<Table class="oracle.dbtools.crest.model.design.relational.Table" directorySegmentName="seg_0" id="254243C1-79B4-ADEE-A1DB-0104F85F56D2" name="AVION">
<createdBy>arekk</createdBy>
<createdTime>2025-08-23 04:08:59 UTC</createdTime>
<generatorID>658D29C6-7E29-943C-47F4-7AEA076C36D4</generatorID>
<ownerDesignName>exp1_s2</ownerDesignName>
<allowColumnReorder>false</allowColumnReorder>
<existDependencyGenerateInDDl>true</existDependencyGenerateInDDl>
<parsed>true</parsed>
<columns itemClass="oracle.dbtools.crest.model.design.relational.Column">
<Column name="matricula" id="B66D174F-6FC1-1E60-3EB8-5EC545A6D4BE">
<createdBy>arekk</createdBy>
<createdTime>2025-08-23 04:08:59 UTC</createdTime>
<generatorID>E7EB7825-3352-1843-6647-D6789513B39D</generatorID>
<ownerDesignName>exp1_s2</ownerDesignName>
<useDomainConstraints>false</useDomainConstraints>
<use>1</use>
<logicalDatatype>LOGDT019</logicalDatatype>
<ownDataTypeParameters>,,</ownDataTypeParameters>
<autoIncrementCycle>false</autoIncrementCycle>
</Column>
<Column name="marca" id="EC4E74F0-AC32-7A0E-ED3B-D6FF11DB53D8">
<createdBy>arekk</createdBy>
<createdTime>2025-08-23 04:08:59 UTC</createdTime>
<generatorID>1B30BAFA-8872-000C-0987-0F8295EFF257</generatorID>
<ownerDesignName>exp1_s2</ownerDesignName>
<useDomainConstraints>false</useDomainConstraints>
<use>1</use>
<logicalDatatype>LOGDT024</logicalDatatype>
<dataTypeSize>25</dataTypeSize>
<ownDataTypeParameters>25,,</ownDataTypeParameters>
<autoIncrementCycle>false</autoIncrementCycle>
</Column>
<Column name="modelo" id="BCE93E25-AF25-A6C4-C9DB-3CC329D1BCFA">
<createdBy>arekk</createdBy>
<createdTime>2025-08-23 04:08:59 UTC</createdTime>
<generatorID>D3E662C4-68C4-9FBA-B440-A2E3C3FC3899</generatorID>
<ownerDesignName>exp1_s2</ownerDesignName>
<useDomainConstraints>false</useDomainConstraints>
<use>1</use>
<logicalDatatype>LOGDT024</logicalDatatype>
<dataTypeSize>50</dataTypeSize>
<ownDataTypeParameters>50,,</ownDataTypeParameters>
<autoIncrementCycle>false</autoIncrementCycle>
</Column>
<Column name="capacidad" id="A330C9FD-B4DE-EBDD-09B3-70ACC1FD782B">
<createdBy>arekk</createdBy>
<createdTime>2025-08-23 04:08:59 UTC</createdTime>
<generatorID>0E5F3592-4FBB-E04D-01ED-F5A664D126B0</generatorID>
<ownerDesignName>exp1_s2</ownerDesignName>
<useDomainConstraints>false</useDomainConstraints>
<use>1</use>
<logicalDatatype>LOGDT019</logicalDatatype>
<ownDataTypeParameters>,,</ownDataTypeParameters>
<autoIncrementCycle>false</autoIncrementCycle>
</Column>
</columns>
<indexes itemClass="oracle.dbtools.crest.model.design.relational.Index">
<ind_PK_UK id="DFC5200F-B831-04FA-E2CC-F088B130E92E" name="AVION_PK">
<createdBy>arekk</createdBy>
<createdTime>2025-08-23 04:08:59 UTC</createdTime>
<generatorID>15D2DA9F-C22F-7E79-E398-0AD66E742BC6</generatorID>
<ownerDesignName>exp1_s2</ownerDesignName>
<pk>true</pk>
<indexState>Primary Constraint</indexState>
<isSurrogateKey>false</isSurrogateKey>
<indexColumnUsage>
<colUsage columnID="B66D174F-6FC1-1E60-3EB8-5EC545A6D4BE"/>
</indexColumnUsage>
</ind_PK_UK>
</indexes>
</Table>