<?xml version = '1.0' encoding = 'UTF-8'?>
<Table class="oracle.dbtools.crest.model.design.relational.Table" directorySegmentName="seg_0" id="2B6033B5-5858-5484-C7BF-75117675EE7B" name="PILOTO">
<createdBy>arekk</createdBy>
<createdTime>2025-08-26 02:53:07 UTC</createdTime>
<generatorID>774A01B0-661F-286D-BD0A-1FC27FDA4FE0</generatorID>
<ownerDesignName>exp1_s2</ownerDesignName>
<allowColumnReorder>false</allowColumnReorder>
<existDependencyGenerateInDDl>true</existDependencyGenerateInDDl>
<parsed>true</parsed>
<columns itemClass="oracle.dbtools.crest.model.design.relational.Column">
<Column name="rut" id="E64A4B1C-6372-2C28-6B0C-C1939E55B907">
<createdBy>arekk</createdBy>
<createdTime>2025-08-26 02:53:07 UTC</createdTime>
<generatorID>4F396CED-A0B6-51C8-9430-1EC6218A1673</generatorID>
<ownerDesignName>exp1_s2</ownerDesignName>
<useDomainConstraints>false</useDomainConstraints>
<use>1</use>
<logicalDatatype>LOGDT024</logicalDatatype>
<dataTypeSize>20</dataTypeSize>
<ownDataTypeParameters>,,</ownDataTypeParameters>
<autoIncrementCycle>false</autoIncrementCycle>
<associations>
<colAssociation fkAssociation="A9D20503-4B1F-70EB-4BEC-648013E6A038" referredColumn="20B9144E-3B1E-235F-1821-DDD1EAA9700B"/>
</associations>
</Column>
<Column name="horas_vuelo" id="610C8104-055D-77D6-9817-06776C6314FE">
<createdBy>arekk</createdBy>
<createdTime>2025-08-26 02:53:07 UTC</createdTime>
<generatorID>FD3E7DF5-EBFC-9941-0FB7-329C5CDB0BC9</generatorID>
<ownerDesignName>exp1_s2</ownerDesignName>
<nullsAllowed>true</nullsAllowed>
<useDomainConstraints>false</useDomainConstraints>
<use>1</use>
<logicalDatatype>LOGDT011</logicalDatatype>
<ownDataTypeParameters>,,</ownDataTypeParameters>
<autoIncrementCycle>false</autoIncrementCycle>
</Column>
</columns>
<indexes itemClass="oracle.dbtools.crest.model.design.relational.Index">
<ind_PK_UK id="BEDCDD9D-A7F8-D3BB-EF45-DAC15CB791EE" name="PILOTO_PK">
<createdBy>arekk</createdBy>
<createdTime>2025-08-26 02:53:07 UTC</createdTime>
<generatorID>5FE51A03-5103-4659-8D69-A3EB5FF9B612</generatorID>
<ownerDesignName>exp1_s2</ownerDesignName>
<pk>true</pk>
<indexState>Primary Constraint</indexState>
<isSurrogateKey>false</isSurrogateKey>
<indexColumnUsage>
<colUsage columnID="E64A4B1C-6372-2C28-6B0C-C1939E55B907"/>
</indexColumnUsage>
</ind_PK_UK>
<ind_PK_UK id="63DC587F-2F17-9DA3-93B4-8ED4E41C6A4F" name="PILOTO_EMPLEADO_FK">
<createdBy>arekk</createdBy>
<createdTime>2025-08-26 02:53:07 UTC</createdTime>
<generatorID>03F5B2F4-9EE0-8D24-2A4C-CBAB8C9A525B</generatorID>
<ownerDesignName>exp1_s2</ownerDesignName>
<indexState>Foreign Key</indexState>
<isSurrogateKey>false</isSurrogateKey>
<indexColumnUsage>
<colUsage columnID="E64A4B1C-6372-2C28-6B0C-C1939E55B907"/>
</indexColumnUsage>
</ind_PK_UK>
</indexes>
</Table>