<?xml version = '1.0' encoding = 'UTF-8'?>
<Table class="oracle.dbtools.crest.model.design.relational.Table" directorySegmentName="seg_0" id="38FA9CEF-87BC-E2E0-6CDC-ABC6FD36AF39" name="EQUIPAJE">
<createdBy>arekk</createdBy>
<createdTime>2025-08-23 04:08:59 UTC</createdTime>
<generatorID>A6D7D4C7-5396-AA95-D734-B841B93AA101</generatorID>
<ownerDesignName>exp1_s2</ownerDesignName>
<allowColumnReorder>false</allowColumnReorder>
<existDependencyGenerateInDDl>true</existDependencyGenerateInDDl>
<parsed>true</parsed>
<columns itemClass="oracle.dbtools.crest.model.design.relational.Column">
<Column name="codigo_equipaje" id="B25FD621-7649-F8A1-99BE-0FABCB49701F">
<createdBy>arekk</createdBy>
<createdTime>2025-08-23 04:08:59 UTC</createdTime>
<generatorID>AB76554A-2503-305D-6A5F-5657E96033EB</generatorID>
<ownerDesignName>exp1_s2</ownerDesignName>
<useDomainConstraints>false</useDomainConstraints>
<use>1</use>
<logicalDatatype>LOGDT019</logicalDatatype>
<ownDataTypeParameters>,,</ownDataTypeParameters>
<autoIncrementCycle>false</autoIncrementCycle>
</Column>
<Column name="color" id="309C1B0B-8D85-A805-FE19-FA7A0FD582B1">
<createdBy>arekk</createdBy>
<createdTime>2025-08-23 04:08:59 UTC</createdTime>
<generatorID>B1010CFE-9078-BFB6-2184-7CF4367BB7CD</generatorID>
<ownerDesignName>exp1_s2</ownerDesignName>
<useDomainConstraints>false</useDomainConstraints>
<use>1</use>
<logicalDatatype>LOGDT024</logicalDatatype>
<dataTypeSize>25</dataTypeSize>
<ownDataTypeParameters>25,,</ownDataTypeParameters>
<autoIncrementCycle>false</autoIncrementCycle>
</Column>
<Column name="peso" id="D57D19B5-9DB5-0BD0-4D3B-574510CEBACA">
<createdBy>arekk</createdBy>
<createdTime>2025-08-23 04:08:59 UTC</createdTime>
<generatorID>F31AD463-07C1-130E-7580-99E00522B4FB</generatorID>
<ownerDesignName>exp1_s2</ownerDesignName>
<useDomainConstraints>false</useDomainConstraints>
<use>1</use>
<logicalDatatype>LOGDT024</logicalDatatype>
<dataTypeSize>20</dataTypeSize>
<ownDataTypeParameters>20,,</ownDataTypeParameters>
<autoIncrementCycle>false</autoIncrementCycle>
</Column>
<Column name="descripcion" id="EED1EF4F-E660-B04C-EE17-F83908A78C71">
<createdBy>arekk</createdBy>
<createdTime>2025-08-23 04:08:59 UTC</createdTime>
<generatorID>C12922CC-4959-9FF3-92A2-C950F0A48ADC</generatorID>
<ownerDesignName>exp1_s2</ownerDesignName>
<nullsAllowed>true</nullsAllowed>
<useDomainConstraints>false</useDomainConstraints>
<use>1</use>
<logicalDatatype>LOGDT040</logicalDatatype>
<ownDataTypeParameters>,,</ownDataTypeParameters>
<autoIncrementCycle>false</autoIncrementCycle>
</Column>
<Column name="PASAJERO_pasaporte_cedula" id="6603DC35-9C2B-D2C7-BE79-331FD16A9F29">
<createdBy>arekk</createdBy>
<createdTime>2025-08-23 04:08:59 UTC</createdTime>
<generatorID>864BB4A7-3139-CD8E-CA38-767B6F170C01</generatorID>
<ownerDesignName>exp1_s2</ownerDesignName>
<useDomainConstraints>false</useDomainConstraints>
<use>1</use>
<logicalDatatype>LOGDT024</logicalDatatype>
<dataTypeSize>25</dataTypeSize>
<ownDataTypeParameters>25,,</ownDataTypeParameters>
<previousColumn>false</previousColumn>
<autoIncrementCycle>false</autoIncrementCycle>
<associations>
<colAssociation fkAssociation="4E6ED74E-F33F-1191-10C5-0D6AA7665328" referredColumn="7906F629-F911-731C-8CAC-8BC8252C1ECE"/>
</associations>
</Column>
</columns>
<indexes itemClass="oracle.dbtools.crest.model.design.relational.Index">
<ind_PK_UK id="BE6D3E99-FFEF-5253-71E8-38BFD1FCBE70" name="EQUIPAJE_PK">
<createdBy>arekk</createdBy>
<createdTime>2025-08-23 04:08:59 UTC</createdTime>
<generatorID>3C9CB2CC-BF02-FC8B-AA5A-E6CD7A1F20EF</generatorID>
<ownerDesignName>exp1_s2</ownerDesignName>
<pk>true</pk>
<indexState>Primary Constraint</indexState>
<isSurrogateKey>false</isSurrogateKey>
<indexColumnUsage>
<colUsage columnID="B25FD621-7649-F8A1-99BE-0FABCB49701F"/>
</indexColumnUsage>
</ind_PK_UK>
<ind_PK_UK id="B0EF9FE8-0C6B-32C0-BF31-64DBEDC55317" name="EQUIPAJE_PASAJERO_FK">
<createdBy>arekk</createdBy>
<createdTime>2025-08-23 04:08:59 UTC</createdTime>
<generatorID>EE24E315-1BE6-BDE1-CF9C-E2F1DCB38758</generatorID>
<ownerDesignName>exp1_s2</ownerDesignName>
<indexState>Foreign Key</indexState>
<isSurrogateKey>false</isSurrogateKey>
<indexColumnUsage>
<colUsage columnID="6603DC35-9C2B-D2C7-BE79-331FD16A9F29"/>
</indexColumnUsage>
</ind_PK_UK>
</indexes>
</Table>