<?xml version = '1.0' encoding = 'UTF-8'?>
<Table class="oracle.dbtools.crest.model.design.relational.Table" directorySegmentName="seg_0" id="A74658B0-8D97-B401-315E-EA525FB0DEB7" name="EMPLEADO">
<createdBy>arekk</createdBy>
<createdTime>2025-08-23 04:08:59 UTC</createdTime>
<generatorID>B0516345-32DF-5940-9028-344DEDADF12C</generatorID>
<ownerDesignName>exp1_s2</ownerDesignName>
<allowColumnReorder>false</allowColumnReorder>
<existDependencyGenerateInDDl>true</existDependencyGenerateInDDl>
<parsed>true</parsed>
<columns itemClass="oracle.dbtools.crest.model.design.relational.Column">
<Column name="rut" id="20B9144E-3B1E-235F-1821-DDD1EAA9700B">
<createdBy>arekk</createdBy>
<createdTime>2025-08-23 04:08:59 UTC</createdTime>
<generatorID>4F396CED-A0B6-51C8-9430-1EC6218A1673</generatorID>
<ownerDesignName>exp1_s2</ownerDesignName>
<useDomainConstraints>false</useDomainConstraints>
<use>1</use>
<logicalDatatype>LOGDT024</logicalDatatype>
<dataTypeSize>20</dataTypeSize>
<ownDataTypeParameters>20,,</ownDataTypeParameters>
<autoIncrementCycle>false</autoIncrementCycle>
</Column>
<Column name="name" id="C1E3010C-6222-F33B-3302-49B148BCA0C6">
<createdBy>arekk</createdBy>
<createdTime>2025-08-23 04:08:59 UTC</createdTime>
<generatorID>F6795B6D-4AFF-90BE-2038-61DB2A454537</generatorID>
<ownerDesignName>exp1_s2</ownerDesignName>
<useDomainConstraints>false</useDomainConstraints>
<use>1</use>
<logicalDatatype>LOGDT024</logicalDatatype>
<dataTypeSize>100</dataTypeSize>
<ownDataTypeParameters>100,,</ownDataTypeParameters>
<autoIncrementCycle>false</autoIncrementCycle>
</Column>
<Column name="direccion" id="62FDB696-F96E-6543-DB53-2EBE8DA92279">
<createdBy>arekk</createdBy>
<createdTime>2025-08-23 04:08:59 UTC</createdTime>
<generatorID>8F9776D0-5510-91A1-6B48-3BBE287E2337</generatorID>
<ownerDesignName>exp1_s2</ownerDesignName>
<useDomainConstraints>false</useDomainConstraints>
<use>1</use>
<logicalDatatype>LOGDT024</logicalDatatype>
<dataTypeSize>100</dataTypeSize>
<ownDataTypeParameters>100,,</ownDataTypeParameters>
<autoIncrementCycle>false</autoIncrementCycle>
</Column>
<Column name="sueldo_base" id="3DAC9513-92D9-CAB4-43FA-178E5F6F8791">
<createdBy>arekk</createdBy>
<createdTime>2025-08-23 04:08:59 UTC</createdTime>
<generatorID>966C08C1-6D71-4000-4A18-F26A48E5CD0E</generatorID>
<ownerDesignName>exp1_s2</ownerDesignName>
<useDomainConstraints>false</useDomainConstraints>
<use>1</use>
<logicalDatatype>LOGDT019</logicalDatatype>
<ownDataTypeParameters>,,</ownDataTypeParameters>
<autoIncrementCycle>false</autoIncrementCycle>
</Column>
<Column name="fecha_ingreso" id="45A1DAE4-CF01-4626-B296-CDCEB3E8F37C">
<createdBy>arekk</createdBy>
<createdTime>2025-08-23 04:08:59 UTC</createdTime>
<generatorID>2C8322DE-8D06-1EB1-C3EE-FAAB023F8507</generatorID>
<ownerDesignName>exp1_s2</ownerDesignName>
<useDomainConstraints>false</useDomainConstraints>
<use>1</use>
<logicalDatatype>LOGDT007</logicalDatatype>
<ownDataTypeParameters>,,</ownDataTypeParameters>
<autoIncrementCycle>false</autoIncrementCycle>
</Column>
<Column name="genero" id="8AC84FAC-A52F-CDE4-13A7-EEBB4C636F33">
<createdBy>arekk</createdBy>
<createdTime>2025-08-23 04:08:59 UTC</createdTime>
<generatorID>AA55199F-8C3D-11ED-F38F-A8F61C1FA703</generatorID>
<ownerDesignName>exp1_s2</ownerDesignName>
<useDomainConstraints>false</useDomainConstraints>
<use>1</use>
<logicalDatatype>LOGDT024</logicalDatatype>
<dataTypeSize>1</dataTypeSize>
<ownDataTypeParameters>1,,</ownDataTypeParameters>
<autoIncrementCycle>false</autoIncrementCycle>
</Column>
<Column name="telefono_movil" id="A1E8024A-12F6-1E9F-FF90-750B9B07101B">
<createdBy>arekk</createdBy>
<createdTime>2025-08-23 04:08:59 UTC</createdTime>
<generatorID>E2E1522F-F394-2A3A-0962-7AE21DA1C333</generatorID>
<ownerDesignName>exp1_s2</ownerDesignName>
<useDomainConstraints>false</useDomainConstraints>
<use>1</use>
<logicalDatatype>LOGDT019</logicalDatatype>
<ownDataTypeParameters>,,</ownDataTypeParameters>
<autoIncrementCycle>false</autoIncrementCycle>
</Column>
<Column name="telefono_contacto" id="88AB104C-A45A-5F82-2FDA-AB5844D4C958">
<createdBy>arekk</createdBy>
<createdTime>2025-08-23 04:08:59 UTC</createdTime>
<generatorID>6D5C9781-724E-0EBC-4725-4372B2DF229B</generatorID>
<ownerDesignName>exp1_s2</ownerDesignName>
<nullsAllowed>true</nullsAllowed>
<useDomainConstraints>false</useDomainConstraints>
<use>1</use>
<logicalDatatype>LOGDT019</logicalDatatype>
<ownDataTypeParameters>,,</ownDataTypeParameters>
<autoIncrementCycle>false</autoIncrementCycle>
</Column>
<Column name="tipo_empleado" id="9F13E2F7-5AAE-58E3-BDC2-0118C4CD018E">
<createdBy>arekk</createdBy>
<createdTime>2025-08-23 04:08:59 UTC</createdTime>
<generatorID>8E9B88F4-CB7E-4BCC-CD44-9667B929E851</generatorID>
<ownerDesignName>exp1_s2</ownerDesignName>
<useDomainConstraints>false</useDomainConstraints>
<use>1</use>
<logicalDatatype>LOGDT024</logicalDatatype>
<dataTypeSize>25</dataTypeSize>
<ownDataTypeParameters>25,,</ownDataTypeParameters>
<autoIncrementCycle>false</autoIncrementCycle>
</Column>
<Column name="horas_vuelo" id="A0A699FB-9BA0-2187-0777-E44F96FC23C9">
<createdBy>arekk</createdBy>
<createdTime>2025-08-23 04:08:59 UTC</createdTime>
<generatorID>AA6AD6EB-0825-09C9-543E-8B41A0F6CEBE</generatorID>
<ownerDesignName>exp1_s2</ownerDesignName>
<nullsAllowed>true</nullsAllowed>
<useDomainConstraints>false</useDomainConstraints>
<use>1</use>
<logicalDatatype>LOGDT019</logicalDatatype>
<ownDataTypeParameters>,,</ownDataTypeParameters>
<autoIncrementCycle>false</autoIncrementCycle>
</Column>
<Column name="horas_extras" id="C5C5EC3A-6199-413A-7572-98A38B4BA712">
<createdBy>arekk</createdBy>
<createdTime>2025-08-23 04:08:59 UTC</createdTime>
<generatorID>ABDA133E-3BF6-16A2-81BA-C1E404E2C4E6</generatorID>
<ownerDesignName>exp1_s2</ownerDesignName>
<nullsAllowed>true</nullsAllowed>
<useDomainConstraints>false</useDomainConstraints>
<use>1</use>
<logicalDatatype>LOGDT019</logicalDatatype>
<ownDataTypeParameters>,,</ownDataTypeParameters>
<autoIncrementCycle>false</autoIncrementCycle>
</Column>
<Column name="afp" id="D679986D-50F7-47AA-C9EE-D7DA69D21C9B">
<createdBy>arekk</createdBy>
<createdTime>2025-08-23 04:08:59 UTC</createdTime>
<generatorID>9AE42DAE-EEFB-061B-89F5-1811389F9015</generatorID>
<ownerDesignName>exp1_s2</ownerDesignName>
<useDomainConstraints>false</useDomainConstraints>
<use>1</use>
<logicalDatatype>LOGDT024</logicalDatatype>
<dataTypeSize>50</dataTypeSize>
<ownDataTypeParameters>50,,</ownDataTypeParameters>
<autoIncrementCycle>false</autoIncrementCycle>
</Column>
</columns>
<indexes itemClass="oracle.dbtools.crest.model.design.relational.Index">
<ind_PK_UK id="6FB00F75-ACF0-E30F-AD65-2B0FB5792B49" name="EMPLEADO_PK">
<createdBy>arekk</createdBy>
<createdTime>2025-08-23 04:08:59 UTC</createdTime>
<generatorID>5FE51A03-5103-4659-8D69-A3EB5FF9B612</generatorID>
<ownerDesignName>exp1_s2</ownerDesignName>
<pk>true</pk>
<indexState>Primary Constraint</indexState>
<isSurrogateKey>false</isSurrogateKey>
<indexColumnUsage>
<colUsage columnID="20B9144E-3B1E-235F-1821-DDD1EAA9700B"/>
</indexColumnUsage>
</ind_PK_UK>
</indexes>
</Table>