<?xml version = '1.0' encoding = 'UTF-8'?>
<Table class="oracle.dbtools.crest.model.design.relational.Table" directorySegmentName="seg_0" id="AD9BD2D6-7934-719F-7534-E4C509D3B232" name="PASAJERO">
<createdBy>arekk</createdBy>
<createdTime>2025-08-23 04:08:59 UTC</createdTime>
<generatorID>9E9AFB2B-8395-6D23-BA1B-65C55F132CE9</generatorID>
<ownerDesignName>exp1_s2</ownerDesignName>
<allowColumnReorder>false</allowColumnReorder>
<existDependencyGenerateInDDl>true</existDependencyGenerateInDDl>
<parsed>true</parsed>
<columns itemClass="oracle.dbtools.crest.model.design.relational.Column">
<Column name="pasaporte_cedula" id="7906F629-F911-731C-8CAC-8BC8252C1ECE">
<createdBy>arekk</createdBy>
<createdTime>2025-08-23 04:08:59 UTC</createdTime>
<generatorID>08237F19-850C-F650-B1FD-B2966E488884</generatorID>
<ownerDesignName>exp1_s2</ownerDesignName>
<useDomainConstraints>false</useDomainConstraints>
<use>1</use>
<logicalDatatype>LOGDT024</logicalDatatype>
<dataTypeSize>25</dataTypeSize>
<ownDataTypeParameters>25,,</ownDataTypeParameters>
<autoIncrementCycle>false</autoIncrementCycle>
</Column>
<Column name="nombre" id="B0C17793-41C2-CF22-0673-EED685B432AC">
<createdBy>arekk</createdBy>
<createdTime>2025-08-23 04:08:59 UTC</createdTime>
<generatorID>E73C631A-B0AE-7DC7-9CAB-A57D798C968A</generatorID>
<ownerDesignName>exp1_s2</ownerDesignName>
<useDomainConstraints>false</useDomainConstraints>
<use>1</use>
<logicalDatatype>LOGDT024</logicalDatatype>
<dataTypeSize>100</dataTypeSize>
<ownDataTypeParameters>100,,</ownDataTypeParameters>
<autoIncrementCycle>false</autoIncrementCycle>
</Column>
<Column name="fecha_nacimiento" id="C1F91E04-60BE-5654-39B5-1FDF88005541">
<createdBy>arekk</createdBy>
<createdTime>2025-08-23 04:08:59 UTC</createdTime>
<generatorID>78B11B97-7DA5-A143-8DC0-7EE3A890A9DA</generatorID>
<ownerDesignName>exp1_s2</ownerDesignName>
<useDomainConstraints>false</useDomainConstraints>
<use>1</use>
<logicalDatatype>LOGDT007</logicalDatatype>
<ownDataTypeParameters>,,</ownDataTypeParameters>
<autoIncrementCycle>false</autoIncrementCycle>
</Column>
<Column name="nacionalidad" id="501937C1-80AC-3630-4B00-D235CD3F727E">
<createdBy>arekk</createdBy>
<createdTime>2025-08-23 04:08:59 UTC</createdTime>
<generatorID>84B4B2A2-50C2-A40A-EF88-2706276FF58F</generatorID>
<ownerDesignName>exp1_s2</ownerDesignName>
<useDomainConstraints>false</useDomainConstraints>
<use>1</use>
<logicalDatatype>LOGDT024</logicalDatatype>
<dataTypeSize>25</dataTypeSize>
<ownDataTypeParameters>25,,</ownDataTypeParameters>
<autoIncrementCycle>false</autoIncrementCycle>
</Column>
<Column name="telefono_correo" id="A81B6934-59AF-BB2F-DBE4-150A7CEC1B20">
<createdBy>arekk</createdBy>
<createdTime>2025-08-23 04:08:59 UTC</createdTime>
<generatorID>633433F5-2B7B-7F9D-C3B6-40059B563EC5</generatorID>
<ownerDesignName>exp1_s2</ownerDesignName>
<nullsAllowed>true</nullsAllowed>
<useDomainConstraints>false</useDomainConstraints>
<use>1</use>
<logicalDatatype>LOGDT024</logicalDatatype>
<dataTypeSize>50</dataTypeSize>
<ownDataTypeParameters>50,,</ownDataTypeParameters>
<autoIncrementCycle>false</autoIncrementCycle>
</Column>
<Column name="equipaje_asociado" id="AB8CA4CE-DEDA-7DB9-BE6E-75F457B0BEBC">
<createdBy>arekk</createdBy>
<createdTime>2025-08-23 04:08:59 UTC</createdTime>
<generatorID>4DA9A97E-41E3-488E-3EE4-ADD161BB90E7</generatorID>
<ownerDesignName>exp1_s2</ownerDesignName>
<nullsAllowed>true</nullsAllowed>
<useDomainConstraints>false</useDomainConstraints>
<use>1</use>
<logicalDatatype>LOGDT011</logicalDatatype>
<ownDataTypeParameters>,,</ownDataTypeParameters>
<autoIncrementCycle>false</autoIncrementCycle>
</Column>
</columns>
<indexes itemClass="oracle.dbtools.crest.model.design.relational.Index">
<ind_PK_UK id="B24DE8FE-D1BA-7068-480A-A3C52F0AD807" name="PASAJERO_PK">
<createdBy>arekk</createdBy>
<createdTime>2025-08-23 04:08:59 UTC</createdTime>
<generatorID>CC78D58A-210C-F323-2B68-6B1420F1C73E</generatorID>
<ownerDesignName>exp1_s2</ownerDesignName>
<pk>true</pk>
<indexState>Primary Constraint</indexState>
<isSurrogateKey>false</isSurrogateKey>
<indexColumnUsage>
<colUsage columnID="7906F629-F911-731C-8CAC-8BC8252C1ECE"/>
</indexColumnUsage>
</ind_PK_UK>
</indexes>
</Table>