<?xml version = '1.0' encoding = 'UTF-8'?>
<Table class="oracle.dbtools.crest.model.design.relational.Table" directorySegmentName="seg_0" id="AEBA3116-E833-845C-B004-D6713E22BA2C" name="VUELO">
<createdBy>arekk</createdBy>
<createdTime>2025-08-23 04:08:59 UTC</createdTime>
<generatorID>4AB3EDC6-4021-D265-F2E0-6098CE5110D5</generatorID>
<ownerDesignName>exp1_s2</ownerDesignName>
<allowColumnReorder>false</allowColumnReorder>
<existDependencyGenerateInDDl>true</existDependencyGenerateInDDl>
<parsed>true</parsed>
<columns itemClass="oracle.dbtools.crest.model.design.relational.Column">
<Column name="numero_vuelo" id="D35FAB0D-45D2-D69E-CBEE-E875137D2D61">
<createdBy>arekk</createdBy>
<createdTime>2025-08-23 04:08:59 UTC</createdTime>
<generatorID>68A12745-B21F-9180-CD01-CB49F6B8A847</generatorID>
<ownerDesignName>exp1_s2</ownerDesignName>
<useDomainConstraints>false</useDomainConstraints>
<use>1</use>
<logicalDatatype>LOGDT019</logicalDatatype>
<ownDataTypeParameters>,,</ownDataTypeParameters>
<autoIncrementCycle>false</autoIncrementCycle>
</Column>
<Column name="fecha_despegue" id="06A7BCF2-E91D-2599-353C-08E162A40A4E">
<createdBy>arekk</createdBy>
<createdTime>2025-08-23 04:08:59 UTC</createdTime>
<generatorID>8E18D6E9-CBB6-2B94-2548-63AE7DEDE948</generatorID>
<ownerDesignName>exp1_s2</ownerDesignName>
<useDomainConstraints>false</useDomainConstraints>
<use>1</use>
<logicalDatatype>LOGDT007</logicalDatatype>
<ownDataTypeParameters>,,</ownDataTypeParameters>
<autoIncrementCycle>false</autoIncrementCycle>
</Column>
<Column name="fecha_llegada" id="3698497D-F49D-FD4B-44B9-A2DC70680CF9">
<createdBy>arekk</createdBy>
<createdTime>2025-08-23 04:08:59 UTC</createdTime>
<generatorID>AAA746EE-9002-33EB-D67C-20E335B30078</generatorID>
<ownerDesignName>exp1_s2</ownerDesignName>
<useDomainConstraints>false</useDomainConstraints>
<use>1</use>
<logicalDatatype>LOGDT007</logicalDatatype>
<ownDataTypeParameters>,,</ownDataTypeParameters>
<autoIncrementCycle>false</autoIncrementCycle>
</Column>
<Column name="hora_salida" id="90B9F115-7A1D-5660-1414-251F00E5F161">
<createdBy>arekk</createdBy>
<createdTime>2025-08-23 04:08:59 UTC</createdTime>
<generatorID>4A542E77-EF8B-9B40-E3B1-971549A69DF5</generatorID>
<ownerDesignName>exp1_s2</ownerDesignName>
<useDomainConstraints>false</useDomainConstraints>
<use>1</use>
<logicalDatatype>LOGDT014</logicalDatatype>
<ownDataTypeParameters>,,</ownDataTypeParameters>
<autoIncrementCycle>false</autoIncrementCycle>
</Column>
<Column name="ciudad_origen" id="446D41D9-AE56-46F5-8A3C-F28C5E24D707">
<createdBy>arekk</createdBy>
<createdTime>2025-08-23 04:08:59 UTC</createdTime>
<generatorID>CF7DB2F3-ACB7-1A3E-A733-99757D7FBC03</generatorID>
<ownerDesignName>exp1_s2</ownerDesignName>
<useDomainConstraints>false</useDomainConstraints>
<use>1</use>
<logicalDatatype>LOGDT024</logicalDatatype>
<dataTypeSize>50</dataTypeSize>
<ownDataTypeParameters>50,,</ownDataTypeParameters>
<autoIncrementCycle>false</autoIncrementCycle>
</Column>
<Column name="ciudad_destino" id="2C9ACD4E-3004-325D-F27A-7920F40DA62A">
<createdBy>arekk</createdBy>
<createdTime>2025-08-23 04:08:59 UTC</createdTime>
<generatorID>952A2D17-4A1E-92C9-2709-D2AAB949D934</generatorID>
<ownerDesignName>exp1_s2</ownerDesignName>
<useDomainConstraints>false</useDomainConstraints>
<use>1</use>
<logicalDatatype>LOGDT024</logicalDatatype>
<dataTypeSize>50</dataTypeSize>
<ownDataTypeParameters>50,,</ownDataTypeParameters>
<autoIncrementCycle>false</autoIncrementCycle>
</Column>
<Column name="AVION_matricula" id="F9AE5F5C-D7D5-9D96-47C2-023E4F6F8D2F">
<createdBy>arekk</createdBy>
<createdTime>2025-08-23 04:18:07 UTC</createdTime>
<generatorID>8169F1BB-7323-47D5-0148-B4C43C7D745C</generatorID>
<ownerDesignName>exp1_s2</ownerDesignName>
<useDomainConstraints>false</useDomainConstraints>
<use>1</use>
<logicalDatatype>LOGDT019</logicalDatatype>
<ownDataTypeParameters>,,</ownDataTypeParameters>
<previousColumn>false</previousColumn>
<autoIncrementCycle>false</autoIncrementCycle>
<associations>
<colAssociation fkAssociation="3BB5C326-4291-9D9A-CF2E-605E6E56EF52" referredColumn="B66D174F-6FC1-1E60-3EB8-5EC545A6D4BE"/>
</associations>
</Column>
<Column name="PILOTO_rut" id="1003BA41-E730-1D6F-32A2-D06AEDBE2A4B">
<createdBy>arekk</createdBy>
<createdTime>2025-08-26 02:53:07 UTC</createdTime>
<generatorID>9F58B6D1-46DE-E5C8-801D-9B7445DF7AAC</generatorID>
<ownerDesignName>exp1_s2</ownerDesignName>
<useDomainConstraints>false</useDomainConstraints>
<use>1</use>
<logicalDatatype>LOGDT024</logicalDatatype>
<dataTypeSize>20</dataTypeSize>
<ownDataTypeParameters>,,</ownDataTypeParameters>
<previousColumn>false</previousColumn>
<autoIncrementCycle>false</autoIncrementCycle>
<associations>
<colAssociation fkAssociation="40C8000E-FEFD-F5E1-0480-962349AE1F9D" referredColumn="E64A4B1C-6372-2C28-6B0C-C1939E55B907"/>
</associations>
</Column>
</columns>
<indexes itemClass="oracle.dbtools.crest.model.design.relational.Index">
<ind_PK_UK id="CC5EC2B7-77AF-8CF7-FF33-DEA3D8526856" name="VUELO_PK">
<createdBy>arekk</createdBy>
<createdTime>2025-08-23 04:08:59 UTC</createdTime>
<generatorID>5EFD1956-68E3-0B2A-68E0-22599108924E</generatorID>
<ownerDesignName>exp1_s2</ownerDesignName>
<pk>true</pk>
<indexState>Primary Constraint</indexState>
<isSurrogateKey>false</isSurrogateKey>
<indexColumnUsage>
<colUsage columnID="D35FAB0D-45D2-D69E-CBEE-E875137D2D61"/>
</indexColumnUsage>
</ind_PK_UK>
<ind_PK_UK id="BB6339BF-DC88-474D-B377-266934455BDD" name="VUELO_AVION_FK">
<createdBy>arekk</createdBy>
<createdTime>2025-08-23 04:18:07 UTC</createdTime>
<generatorID>359B6A1B-D939-93CF-8FF4-D354AC7FCFA6</generatorID>
<ownerDesignName>exp1_s2</ownerDesignName>
<indexState>Foreign Key</indexState>
<isSurrogateKey>false</isSurrogateKey>
<indexColumnUsage>
<colUsage columnID="F9AE5F5C-D7D5-9D96-47C2-023E4F6F8D2F"/>
</indexColumnUsage>
</ind_PK_UK>
<ind_PK_UK id="39F38347-86BA-D87E-DFFD-F61F9DEE64DD" name="VUELO_PILOTO_FK">
<createdBy>arekk</createdBy>
<createdTime>2025-08-26 02:53:07 UTC</createdTime>
<generatorID>29861AF5-2CF3-2D12-8248-051AE6040609</generatorID>
<ownerDesignName>exp1_s2</ownerDesignName>
<indexState>Foreign Key</indexState>
<isSurrogateKey>false</isSurrogateKey>
<indexColumnUsage>
<colUsage columnID="1003BA41-E730-1D6F-32A2-D06AEDBE2A4B"/>
</indexColumnUsage>
</ind_PK_UK>
</indexes>
</Table>