<?xml version = '1.0' encoding = 'UTF-8'?>
<Table class="oracle.dbtools.crest.model.design.relational.Table" directorySegmentName="seg_0" id="CBB6B7A8-ACAA-01CC-9111-BC00CD6AD8CA" name="RESERVA">
<createdBy>arekk</createdBy>
<createdTime>2025-08-23 04:08:59 UTC</createdTime>
<generatorID>79267FF1-2132-89E8-A51C-5C87B0448D3D</generatorID>
<ownerDesignName>exp1_s2</ownerDesignName>
<allowColumnReorder>false</allowColumnReorder>
<existDependencyGenerateInDDl>true</existDependencyGenerateInDDl>
<parsed>true</parsed>
<columns itemClass="oracle.dbtools.crest.model.design.relational.Column">
<Column name="numero_reserva" id="E0273B4C-5133-19CF-062C-38AADA82554E">
<createdBy>arekk</createdBy>
<createdTime>2025-08-23 04:08:59 UTC</createdTime>
<generatorID>B22D932D-86D6-70D2-F42E-CEE355AC7CEC</generatorID>
<ownerDesignName>exp1_s2</ownerDesignName>
<useDomainConstraints>false</useDomainConstraints>
<use>1</use>
<logicalDatatype>LOGDT019</logicalDatatype>
<ownDataTypeParameters>,,</ownDataTypeParameters>
<autoIncrementCycle>false</autoIncrementCycle>
</Column>
<Column name="fecha_reserva" id="87A0019F-F9DA-5DAA-05CC-51E0047FD5D1">
<createdBy>arekk</createdBy>
<createdTime>2025-08-23 04:08:59 UTC</createdTime>
<generatorID>B21DC45F-93FE-FF3D-3BD5-42F48BADB2BB</generatorID>
<ownerDesignName>exp1_s2</ownerDesignName>
<useDomainConstraints>false</useDomainConstraints>
<use>1</use>
<logicalDatatype>LOGDT007</logicalDatatype>
<ownDataTypeParameters>,,</ownDataTypeParameters>
<autoIncrementCycle>false</autoIncrementCycle>
</Column>
<Column name="fecha_viaje" id="9090A4CC-8E90-AB27-4D53-BE4975D4A178">
<createdBy>arekk</createdBy>
<createdTime>2025-08-23 04:08:59 UTC</createdTime>
<generatorID>F23EF201-48F3-0022-8920-318025FFBD52</generatorID>
<ownerDesignName>exp1_s2</ownerDesignName>
<useDomainConstraints>false</useDomainConstraints>
<use>1</use>
<logicalDatatype>LOGDT007</logicalDatatype>
<ownDataTypeParameters>,,</ownDataTypeParameters>
<autoIncrementCycle>false</autoIncrementCycle>
</Column>
<Column name="estado" id="0AFADC4E-4DE6-5EF3-622D-C28AC79857A7">
<createdBy>arekk</createdBy>
<createdTime>2025-08-23 04:08:59 UTC</createdTime>
<generatorID>7CADC570-8F62-6937-5AB9-46A2FB967163</generatorID>
<ownerDesignName>exp1_s2</ownerDesignName>
<nullsAllowed>true</nullsAllowed>
<useDomainConstraints>false</useDomainConstraints>
<use>1</use>
<logicalDatatype>LOGDT024</logicalDatatype>
<dataTypeSize>25</dataTypeSize>
<ownDataTypeParameters>25,,</ownDataTypeParameters>
<autoIncrementCycle>false</autoIncrementCycle>
</Column>
<Column name="PASAJERO_pasaporte_cedula" id="3F60364C-9CCB-9C0C-83BD-5AC4CA082A22">
<createdBy>arekk</createdBy>
<createdTime>2025-08-23 04:18:07 UTC</createdTime>
<generatorID>E9968514-8158-B5FE-0EB1-18A33606BBD8</generatorID>
<ownerDesignName>exp1_s2</ownerDesignName>
<useDomainConstraints>false</useDomainConstraints>
<use>1</use>
<logicalDatatype>LOGDT024</logicalDatatype>
<dataTypeSize>25</dataTypeSize>
<ownDataTypeParameters>25,,</ownDataTypeParameters>
<previousColumn>false</previousColumn>
<autoIncrementCycle>false</autoIncrementCycle>
<associations>
<colAssociation fkAssociation="3FE96259-01EE-2641-A465-3889FCF031C5" referredColumn="7906F629-F911-731C-8CAC-8BC8252C1ECE"/>
</associations>
</Column>
<Column name="VUELO_numero_vuelo" id="3EA72901-3261-2FA8-E3BD-BEA3F48720FB">
<createdBy>arekk</createdBy>
<createdTime>2025-08-23 04:18:07 UTC</createdTime>
<generatorID>A064D711-C766-0990-80D3-8B17730A8ED4</generatorID>
<ownerDesignName>exp1_s2</ownerDesignName>
<useDomainConstraints>false</useDomainConstraints>
<use>1</use>
<logicalDatatype>LOGDT019</logicalDatatype>
<ownDataTypeParameters>,,</ownDataTypeParameters>
<previousColumn>false</previousColumn>
<autoIncrementCycle>false</autoIncrementCycle>
<associations>
<colAssociation fkAssociation="4EA63328-A367-2867-252F-8AC6B3EE5276" referredColumn="D35FAB0D-45D2-D69E-CBEE-E875137D2D61"/>
</associations>
</Column>
<Column name="matricula" id="A8CFAEF0-F1FF-A83B-E9DE-30E592E1EBE1">
<createdBy>arekk</createdBy>
<createdTime>2025-08-26 02:53:07 UTC</createdTime>
<generatorID>F5A382FA-5812-730A-44A5-C0AD7A39CF7B</generatorID>
<ownerDesignName>exp1_s2</ownerDesignName>
<useDomainConstraints>false</useDomainConstraints>
<use>1</use>
<logicalDatatype>LOGDT019</logicalDatatype>
<ownDataTypeParameters>,,</ownDataTypeParameters>
<previousColumn>false</previousColumn>
<autoIncrementCycle>false</autoIncrementCycle>
</Column>
<Column name="rut" id="BA284568-533B-9994-D257-7D9637AEC5BA">
<createdBy>arekk</createdBy>
<createdTime>2025-08-26 02:53:07 UTC</createdTime>
<generatorID>8F2D5F58-8DA2-FCBE-9F6A-40330386B30B</generatorID>
<ownerDesignName>exp1_s2</ownerDesignName>
<useDomainConstraints>false</useDomainConstraints>
<use>1</use>
<logicalDatatype>LOGDT024</logicalDatatype>
<ownDataTypeParameters>,,</ownDataTypeParameters>
<previousColumn>false</previousColumn>
<autoIncrementCycle>false</autoIncrementCycle>
</Column>
<Column name="ADMINISTRATIVO_rut" id="6444877F-8ADB-099B-FB5A-BD3AAF0BF559">
<createdBy>arekk</createdBy>
<createdTime>2025-08-26 02:53:07 UTC</createdTime>
<generatorID>9093CD29-BB59-B3FE-BADC-7A079A27E2C2</generatorID>
<ownerDesignName>exp1_s2</ownerDesignName>
<useDomainConstraints>false</useDomainConstraints>
<use>1</use>
<logicalDatatype>LOGDT024</logicalDatatype>
<dataTypeSize>20</dataTypeSize>
<ownDataTypeParameters>,,</ownDataTypeParameters>
<previousColumn>false</previousColumn>
<autoIncrementCycle>false</autoIncrementCycle>
<associations>
<colAssociation fkAssociation="ED03E788-1484-A0E8-9690-6CDB0FD17F3A" referredColumn="6C28E842-E5B2-722C-50B7-B8246EDE5DDC"/>
</associations>
</Column>
</columns>
<indexes itemClass="oracle.dbtools.crest.model.design.relational.Index">
<ind_PK_UK id="0C84BE46-8C65-9271-F993-04662B39BD2A" name="RESERVA_PK">
<createdBy>arekk</createdBy>
<createdTime>2025-08-23 04:08:59 UTC</createdTime>
<generatorID>1E5D6CCA-F31F-68EF-977D-BB3C8E461ADA</generatorID>
<ownerDesignName>exp1_s2</ownerDesignName>
<pk>true</pk>
<indexState>Primary Constraint</indexState>
<isSurrogateKey>false</isSurrogateKey>
<indexColumnUsage>
<colUsage columnID="E0273B4C-5133-19CF-062C-38AADA82554E"/>
</indexColumnUsage>
</ind_PK_UK>
<ind_PK_UK id="3642163D-9817-72A7-DEA4-48CC55D142BB" name="RESERVA_PASAJERO_FK">
<createdBy>arekk</createdBy>
<createdTime>2025-08-23 04:18:07 UTC</createdTime>
<generatorID>925FF6DD-2DD8-A8F0-5CD2-B03B06E3B0F3</generatorID>
<ownerDesignName>exp1_s2</ownerDesignName>
<indexState>Foreign Key</indexState>
<isSurrogateKey>false</isSurrogateKey>
<indexColumnUsage>
<colUsage columnID="3F60364C-9CCB-9C0C-83BD-5AC4CA082A22"/>
</indexColumnUsage>
</ind_PK_UK>
<ind_PK_UK id="0ECBAE13-A97B-6F3D-576C-85B2942C40F7" name="RESERVA_VUELO_FK">
<createdBy>arekk</createdBy>
<createdTime>2025-08-23 04:18:07 UTC</createdTime>
<generatorID>40F18A07-AED5-3533-D445-FF285E429F85</generatorID>
<ownerDesignName>exp1_s2</ownerDesignName>
<indexState>Foreign Key</indexState>
<isSurrogateKey>false</isSurrogateKey>
<indexColumnUsage>
<colUsage columnID="3EA72901-3261-2FA8-E3BD-BEA3F48720FB"/>
</indexColumnUsage>
</ind_PK_UK>
<ind_PK_UK id="6FEA2CB0-2BCF-9EDC-B66D-8DEF4EA45834" name="RESERVA_ADMINISTRATIVO_FK">
<createdBy>arekk</createdBy>
<createdTime>2025-08-26 02:53:07 UTC</createdTime>
<generatorID>86A77D45-CE3B-36F1-C7EB-49E7BEC32280</generatorID>
<ownerDesignName>exp1_s2</ownerDesignName>
<indexState>Foreign Key</indexState>
<isSurrogateKey>false</isSurrogateKey>
<indexColumnUsage>
<colUsage columnID="6444877F-8ADB-099B-FB5A-BD3AAF0BF559"/>
</indexColumnUsage>
</ind_PK_UK>
</indexes>
</Table>