<?xml version = '1.0' encoding = 'UTF-8'?>
<Relation class="oracle.dbtools.crest.model.design.logical.InheritanceRelation" name="Hierarchy_2" directorySegmentName="seg_0" id="0ED793D3-C650-6CEC-4798-ACD5F87F9CAD">
<createdBy>arekk</createdBy>
<createdTime>2025-08-26 02:50:01 UTC</createdTime>
<ownerDesignName>exp1_s2</ownerDesignName>
<engineerTo>
<item key="52979F14-0282-5691-B0E1-BC6B927E0BBE" value="true"/>
</engineerTo>
<identifying>false</identifying>
<nameOnSource>Super Type</nameOnSource>
<nameOnTarget>Sub Type</nameOnTarget>
<optionalSource>true</optionalSource>
<optionalTarget>true</optionalTarget>
<sourceEntity>B0516345-32DF-5940-9028-344DEDADF12C</sourceEntity>
<targetEntity>50FA4C18-CB78-7C39-C3F4-3CA05BCA10C2</targetEntity>
<transferable>true</transferable>
<deleteRule>NO ACTION</deleteRule>
</Relation>